turne,ano,cidade_fonte,data_show_fonte,musica,fonte_url
Wings Over America,1976,Nova York (Madison Square Garden),1976-05-25,Venus and Mars,https://www.setlist.fm/setlist/wings/1976/madison-square-garden-new-york-ny-3bd7a02c.html
Wings Over America,1976,Nova York (Madison Square Garden),1976-05-25,Rock Show,https://www.setlist.fm/setlist/wings/1976/madison-square-garden-new-york-ny-3bd7a02c.html
Wings Over America,1976,Nova York (Madison Square Garden),1976-05-25,Jet,https://www.setlist.fm/setlist/wings/1976/madison-square-garden-new-york-ny-3bd7a02c.html
Wings Over America,1976,Nova York (Madison Square Garden),1976-05-25,Let Me Roll It,https://www.setlist.fm/setlist/wings/1976/madison-square-garden-new-york-ny-3bd7a02c.html
Wings Over America,1976,Nova York (Madison Square Garden),1976-05-25,Spirits of Ancient Egypt,https://www.setlist.fm/setlist/wings/1976/madison-square-garden-new-york-ny-3bd7a02c.html
Wings Over America,1976,Nova York (Madison Square Garden),1976-05-25,Medicine Jar,https://www.setlist.fm/setlist/wings/1976/madison-square-garden-new-york-ny-3bd7a02c.html
Wings Over America,1976,Nova York (Madison Square Garden),1976-05-25,Maybe I'm Amazed,https://www.setlist.fm/setlist/wings/1976/madison-square-garden-new-york-ny-3bd7a02c.html
Wings Over America,1976,Nova York (Madison Square Garden),1976-05-25,Call Me Back Again,https://www.setlist.fm/setlist/wings/1976/madison-square-garden-new-york-ny-3bd7a02c.html
Wings Over America,1976,Nova York (Madison Square Garden),1976-05-25,Lady Madonna,https://www.setlist.fm/setlist/wings/1976/madison-square-garden-new-york-ny-3bd7a02c.html
Wings Over America,1976,Nova York (Madison Square Garden),1976-05-25,The Long and Winding Road,https://www.setlist.fm/setlist/wings/1976/madison-square-garden-new-york-ny-3bd7a02c.html
Wings Over America,1976,Nova York (Madison Square Garden),1976-05-25,Live and Let Die,https://www.setlist.fm/setlist/wings/1976/madison-square-garden-new-york-ny-3bd7a02c.html
Wings Over America,1976,Nova York (Madison Square Garden),1976-05-25,Picasso's Last Words (Drink to Me),https://www.setlist.fm/setlist/wings/1976/madison-square-garden-new-york-ny-3bd7a02c.html
Wings Over America,1976,Nova York (Madison Square Garden),1976-05-25,Richard Cory,https://www.setlist.fm/setlist/wings/1976/madison-square-garden-new-york-ny-3bd7a02c.html
Wings Over America,1976,Nova York (Madison Square Garden),1976-05-25,Bluebird,https://www.setlist.fm/setlist/wings/1976/madison-square-garden-new-york-ny-3bd7a02c.html
Wings Over America,1976,Nova York (Madison Square Garden),1976-05-25,I've Just Seen a Face,https://www.setlist.fm/setlist/wings/1976/madison-square-garden-new-york-ny-3bd7a02c.html
Wings Over America,1976,Nova York (Madison Square Garden),1976-05-25,Blackbird,https://www.setlist.fm/setlist/wings/1976/madison-square-garden-new-york-ny-3bd7a02c.html
Wings Over America,1976,Nova York (Madison Square Garden),1976-05-25,Yesterday,https://www.setlist.fm/setlist/wings/1976/madison-square-garden-new-york-ny-3bd7a02c.html
Wings Over America,1976,Nova York (Madison Square Garden),1976-05-25,You Gave Me the Answer,https://www.setlist.fm/setlist/wings/1976/madison-square-garden-new-york-ny-3bd7a02c.html
Wings Over America,1976,Nova York (Madison Square Garden),1976-05-25,Magneto and Titanium Man,https://www.setlist.fm/setlist/wings/1976/madison-square-garden-new-york-ny-3bd7a02c.html
Wings Over America,1976,Nova York (Madison Square Garden),1976-05-25,My Love,https://www.setlist.fm/setlist/wings/1976/madison-square-garden-new-york-ny-3bd7a02c.html
Wings Over America,1976,Nova York (Madison Square Garden),1976-05-25,Listen to What the Man Said,https://www.setlist.fm/setlist/wings/1976/madison-square-garden-new-york-ny-3bd7a02c.html
Wings Over America,1976,Nova York (Madison Square Garden),1976-05-25,Let 'Em In,https://www.setlist.fm/setlist/wings/1976/madison-square-garden-new-york-ny-3bd7a02c.html
Wings Over America,1976,Nova York (Madison Square Garden),1976-05-25,Time to Hide,https://www.setlist.fm/setlist/wings/1976/madison-square-garden-new-york-ny-3bd7a02c.html
Wings Over America,1976,Nova York (Madison Square Garden),1976-05-25,Silly Love Songs,https://www.setlist.fm/setlist/wings/1976/madison-square-garden-new-york-ny-3bd7a02c.html
Wings Over America,1976,Nova York (Madison Square Garden),1976-05-25,Beware My Love,https://www.setlist.fm/setlist/wings/1976/madison-square-garden-new-york-ny-3bd7a02c.html
Wings Over America,1976,Nova York (Madison Square Garden),1976-05-25,Letting Go,https://www.setlist.fm/setlist/wings/1976/madison-square-garden-new-york-ny-3bd7a02c.html
Wings Over America,1976,Nova York (Madison Square Garden),1976-05-25,Band on the Run,https://www.setlist.fm/setlist/wings/1976/madison-square-garden-new-york-ny-3bd7a02c.html
Wings Over America,1976,Nova York (Madison Square Garden),1976-05-25,"Hi, Hi, Hi",https://www.setlist.fm/setlist/wings/1976/madison-square-garden-new-york-ny-3bd7a02c.html
Wings Over America,1976,Nova York (Madison Square Garden),1976-05-25,Soily,https://www.setlist.fm/setlist/wings/1976/madison-square-garden-new-york-ny-3bd7a02c.html
The Paul McCartney World Tour,1989,Nova York (Madison Square Garden),1989-12-14,Figure of Eight,https://www.setlist.fm/setlist/paul-mccartney/1989/madison-square-garden-new-york-ny-63d7e687.html
The Paul McCartney World Tour,1989,Nova York (Madison Square Garden),1989-12-14,Jet,https://www.setlist.fm/setlist/paul-mccartney/1989/madison-square-garden-new-york-ny-63d7e687.html
The Paul McCartney World Tour,1989,Nova York (Madison Square Garden),1989-12-14,Rough Ride,https://www.setlist.fm/setlist/paul-mccartney/1989/madison-square-garden-new-york-ny-63d7e687.html
The Paul McCartney World Tour,1989,Nova York (Madison Square Garden),1989-12-14,Got to Get You Into My Life,https://www.setlist.fm/setlist/paul-mccartney/1989/madison-square-garden-new-york-ny-63d7e687.html
The Paul McCartney World Tour,1989,Nova York (Madison Square Garden),1989-12-14,Band on the Run,https://www.setlist.fm/setlist/paul-mccartney/1989/madison-square-garden-new-york-ny-63d7e687.html
The Paul McCartney World Tour,1989,Nova York (Madison Square Garden),1989-12-14,Ebony and Ivory,https://www.setlist.fm/setlist/paul-mccartney/1989/madison-square-garden-new-york-ny-63d7e687.html
The Paul McCartney World Tour,1989,Nova York (Madison Square Garden),1989-12-14,We Got Married,https://www.setlist.fm/setlist/paul-mccartney/1989/madison-square-garden-new-york-ny-63d7e687.html
The Paul McCartney World Tour,1989,Nova York (Madison Square Garden),1989-12-14,Maybe I'm Amazed,https://www.setlist.fm/setlist/paul-mccartney/1989/madison-square-garden-new-york-ny-63d7e687.html
The Paul McCartney World Tour,1989,Nova York (Madison Square Garden),1989-12-14,The Long and Winding Road,https://www.setlist.fm/setlist/paul-mccartney/1989/madison-square-garden-new-york-ny-63d7e687.html
The Paul McCartney World Tour,1989,Nova York (Madison Square Garden),1989-12-14,The Fool on the Hill,https://www.setlist.fm/setlist/paul-mccartney/1989/madison-square-garden-new-york-ny-63d7e687.html
The Paul McCartney World Tour,1989,Nova York (Madison Square Garden),1989-12-14,Sgt. Pepper's Lonely Hearts Club Band,https://www.setlist.fm/setlist/paul-mccartney/1989/madison-square-garden-new-york-ny-63d7e687.html
The Paul McCartney World Tour,1989,Nova York (Madison Square Garden),1989-12-14,Good Day Sunshine,https://www.setlist.fm/setlist/paul-mccartney/1989/madison-square-garden-new-york-ny-63d7e687.html
The Paul McCartney World Tour,1989,Nova York (Madison Square Garden),1989-12-14,Can't Buy Me Love,https://www.setlist.fm/setlist/paul-mccartney/1989/madison-square-garden-new-york-ny-63d7e687.html
The Paul McCartney World Tour,1989,Nova York (Madison Square Garden),1989-12-14,Put It There,https://www.setlist.fm/setlist/paul-mccartney/1989/madison-square-garden-new-york-ny-63d7e687.html
The Paul McCartney World Tour,1989,Nova York (Madison Square Garden),1989-12-14,Things We Said Today,https://www.setlist.fm/setlist/paul-mccartney/1989/madison-square-garden-new-york-ny-63d7e687.html
The Paul McCartney World Tour,1989,Nova York (Madison Square Garden),1989-12-14,Eleanor Rigby,https://www.setlist.fm/setlist/paul-mccartney/1989/madison-square-garden-new-york-ny-63d7e687.html
The Paul McCartney World Tour,1989,Nova York (Madison Square Garden),1989-12-14,This One,https://www.setlist.fm/setlist/paul-mccartney/1989/madison-square-garden-new-york-ny-63d7e687.html
The Paul McCartney World Tour,1989,Nova York (Madison Square Garden),1989-12-14,My Brave Face,https://www.setlist.fm/setlist/paul-mccartney/1989/madison-square-garden-new-york-ny-63d7e687.html
The Paul McCartney World Tour,1989,Nova York (Madison Square Garden),1989-12-14,Back in the U.S.S.R.,https://www.setlist.fm/setlist/paul-mccartney/1989/madison-square-garden-new-york-ny-63d7e687.html
The Paul McCartney World Tour,1989,Nova York (Madison Square Garden),1989-12-14,I Saw Her Standing There,https://www.setlist.fm/setlist/paul-mccartney/1989/madison-square-garden-new-york-ny-63d7e687.html
The Paul McCartney World Tour,1989,Nova York (Madison Square Garden),1989-12-14,Twenty Flight Rock,https://www.setlist.fm/setlist/paul-mccartney/1989/madison-square-garden-new-york-ny-63d7e687.html
The Paul McCartney World Tour,1989,Nova York (Madison Square Garden),1989-12-14,Coming Up,https://www.setlist.fm/setlist/paul-mccartney/1989/madison-square-garden-new-york-ny-63d7e687.html
The Paul McCartney World Tour,1989,Nova York (Madison Square Garden),1989-12-14,Let It Be,https://www.setlist.fm/setlist/paul-mccartney/1989/madison-square-garden-new-york-ny-63d7e687.html
The Paul McCartney World Tour,1989,Nova York (Madison Square Garden),1989-12-14,Yesterday,https://www.setlist.fm/setlist/paul-mccartney/1989/madison-square-garden-new-york-ny-63d7e687.html
The Paul McCartney World Tour,1989,Nova York (Madison Square Garden),1989-12-14,Get Back,https://www.setlist.fm/setlist/paul-mccartney/1989/madison-square-garden-new-york-ny-63d7e687.html
The Paul McCartney World Tour,1989,Nova York (Madison Square Garden),1989-12-14,Golden Slumbers,https://www.setlist.fm/setlist/paul-mccartney/1989/madison-square-garden-new-york-ny-63d7e687.html
The Paul McCartney World Tour,1989,Nova York (Madison Square Garden),1989-12-14,Carry That Weight,https://www.setlist.fm/setlist/paul-mccartney/1989/madison-square-garden-new-york-ny-63d7e687.html
The Paul McCartney World Tour,1989,Nova York (Madison Square Garden),1989-12-14,The End,https://www.setlist.fm/setlist/paul-mccartney/1989/madison-square-garden-new-york-ny-63d7e687.html
New World Tour,1993,East Rutherford (Giants Stadium),1993-06-11,Drive My Car,https://www.setlist.fm/setlist/paul-mccartney/1993/giants-stadium-east-rutherford-nj-13dc0161.html
New World Tour,1993,East Rutherford (Giants Stadium),1993-06-11,Coming Up,https://www.setlist.fm/setlist/paul-mccartney/1993/giants-stadium-east-rutherford-nj-13dc0161.html
New World Tour,1993,East Rutherford (Giants Stadium),1993-06-11,Looking for Changes,https://www.setlist.fm/setlist/paul-mccartney/1993/giants-stadium-east-rutherford-nj-13dc0161.html
New World Tour,1993,East Rutherford (Giants Stadium),1993-06-11,Another Day,https://www.setlist.fm/setlist/paul-mccartney/1993/giants-stadium-east-rutherford-nj-13dc0161.html
New World Tour,1993,East Rutherford (Giants Stadium),1993-06-11,Jet,https://www.setlist.fm/setlist/paul-mccartney/1993/giants-stadium-east-rutherford-nj-13dc0161.html
New World Tour,1993,East Rutherford (Giants Stadium),1993-06-11,All My Loving,https://www.setlist.fm/setlist/paul-mccartney/1993/giants-stadium-east-rutherford-nj-13dc0161.html
New World Tour,1993,East Rutherford (Giants Stadium),1993-06-11,Let Me Roll It,https://www.setlist.fm/setlist/paul-mccartney/1993/giants-stadium-east-rutherford-nj-13dc0161.html
New World Tour,1993,East Rutherford (Giants Stadium),1993-06-11,Peace in the Neighbourhood,https://www.setlist.fm/setlist/paul-mccartney/1993/giants-stadium-east-rutherford-nj-13dc0161.html
New World Tour,1993,East Rutherford (Giants Stadium),1993-06-11,Off the Ground,https://www.setlist.fm/setlist/paul-mccartney/1993/giants-stadium-east-rutherford-nj-13dc0161.html
New World Tour,1993,East Rutherford (Giants Stadium),1993-06-11,Can't Buy Me Love,https://www.setlist.fm/setlist/paul-mccartney/1993/giants-stadium-east-rutherford-nj-13dc0161.html
New World Tour,1993,East Rutherford (Giants Stadium),1993-06-11,Robbie's Bit (Thanks Chet),https://www.setlist.fm/setlist/paul-mccartney/1993/giants-stadium-east-rutherford-nj-13dc0161.html
New World Tour,1993,East Rutherford (Giants Stadium),1993-06-11,Good Rocking Tonight,https://www.setlist.fm/setlist/paul-mccartney/1993/giants-stadium-east-rutherford-nj-13dc0161.html
New World Tour,1993,East Rutherford (Giants Stadium),1993-06-11,We Can Work It Out,https://www.setlist.fm/setlist/paul-mccartney/1993/giants-stadium-east-rutherford-nj-13dc0161.html
New World Tour,1993,East Rutherford (Giants Stadium),1993-06-11,I Lost My Little Girl,https://www.setlist.fm/setlist/paul-mccartney/1993/giants-stadium-east-rutherford-nj-13dc0161.html
New World Tour,1993,East Rutherford (Giants Stadium),1993-06-11,Ain't No Sunshine,https://www.setlist.fm/setlist/paul-mccartney/1993/giants-stadium-east-rutherford-nj-13dc0161.html
New World Tour,1993,East Rutherford (Giants Stadium),1993-06-11,Hope of Deliverance,https://www.setlist.fm/setlist/paul-mccartney/1993/giants-stadium-east-rutherford-nj-13dc0161.html
New World Tour,1993,East Rutherford (Giants Stadium),1993-06-11,Michelle,https://www.setlist.fm/setlist/paul-mccartney/1993/giants-stadium-east-rutherford-nj-13dc0161.html
New World Tour,1993,East Rutherford (Giants Stadium),1993-06-11,Biker Like an Icon,https://www.setlist.fm/setlist/paul-mccartney/1993/giants-stadium-east-rutherford-nj-13dc0161.html
New World Tour,1993,East Rutherford (Giants Stadium),1993-06-11,"Here, There and Everywhere",https://www.setlist.fm/setlist/paul-mccartney/1993/giants-stadium-east-rutherford-nj-13dc0161.html
New World Tour,1993,East Rutherford (Giants Stadium),1993-06-11,Yesterday,https://www.setlist.fm/setlist/paul-mccartney/1993/giants-stadium-east-rutherford-nj-13dc0161.html
New World Tour,1993,East Rutherford (Giants Stadium),1993-06-11,My Love,https://www.setlist.fm/setlist/paul-mccartney/1993/giants-stadium-east-rutherford-nj-13dc0161.html
New World Tour,1993,East Rutherford (Giants Stadium),1993-06-11,Lady Madonna,https://www.setlist.fm/setlist/paul-mccartney/1993/giants-stadium-east-rutherford-nj-13dc0161.html
New World Tour,1993,East Rutherford (Giants Stadium),1993-06-11,C'mon People,https://www.setlist.fm/setlist/paul-mccartney/1993/giants-stadium-east-rutherford-nj-13dc0161.html
New World Tour,1993,East Rutherford (Giants Stadium),1993-06-11,Magical Mystery Tour,https://www.setlist.fm/setlist/paul-mccartney/1993/giants-stadium-east-rutherford-nj-13dc0161.html
New World Tour,1993,East Rutherford (Giants Stadium),1993-06-11,Let It Be,https://www.setlist.fm/setlist/paul-mccartney/1993/giants-stadium-east-rutherford-nj-13dc0161.html
New World Tour,1993,East Rutherford (Giants Stadium),1993-06-11,Live and Let Die,https://www.setlist.fm/setlist/paul-mccartney/1993/giants-stadium-east-rutherford-nj-13dc0161.html
New World Tour,1993,East Rutherford (Giants Stadium),1993-06-11,Paperback Writer,https://www.setlist.fm/setlist/paul-mccartney/1993/giants-stadium-east-rutherford-nj-13dc0161.html
New World Tour,1993,East Rutherford (Giants Stadium),1993-06-11,Back in the U.S.S.R.,https://www.setlist.fm/setlist/paul-mccartney/1993/giants-stadium-east-rutherford-nj-13dc0161.html
New World Tour,1993,East Rutherford (Giants Stadium),1993-06-11,Penny Lane,https://www.setlist.fm/setlist/paul-mccartney/1993/giants-stadium-east-rutherford-nj-13dc0161.html
New World Tour,1993,East Rutherford (Giants Stadium),1993-06-11,Sgt. Pepper's Lonely Hearts Club Band,https://www.setlist.fm/setlist/paul-mccartney/1993/giants-stadium-east-rutherford-nj-13dc0161.html
New World Tour,1993,East Rutherford (Giants Stadium),1993-06-11,Band on the Run,https://www.setlist.fm/setlist/paul-mccartney/1993/giants-stadium-east-rutherford-nj-13dc0161.html
New World Tour,1993,East Rutherford (Giants Stadium),1993-06-11,I Saw Her Standing There,https://www.setlist.fm/setlist/paul-mccartney/1993/giants-stadium-east-rutherford-nj-13dc0161.html
New World Tour,1993,East Rutherford (Giants Stadium),1993-06-11,Hey Jude,https://www.setlist.fm/setlist/paul-mccartney/1993/giants-stadium-east-rutherford-nj-13dc0161.html
Driving USA Tour,2002,Nova York (Madison Square Garden),2002-04-27,"Hello, Goodbye",https://www.setlist.fm/setlist/paul-mccartney/2002/madison-square-garden-new-york-ny-53ddb731.html
Driving USA Tour,2002,Nova York (Madison Square Garden),2002-04-27,Jet,https://www.setlist.fm/setlist/paul-mccartney/2002/madison-square-garden-new-york-ny-53ddb731.html
Driving USA Tour,2002,Nova York (Madison Square Garden),2002-04-27,All My Loving,https://www.setlist.fm/setlist/paul-mccartney/2002/madison-square-garden-new-york-ny-53ddb731.html
Driving USA Tour,2002,Nova York (Madison Square Garden),2002-04-27,Getting Better,https://www.setlist.fm/setlist/paul-mccartney/2002/madison-square-garden-new-york-ny-53ddb731.html
Driving USA Tour,2002,Nova York (Madison Square Garden),2002-04-27,Coming Up,https://www.setlist.fm/setlist/paul-mccartney/2002/madison-square-garden-new-york-ny-53ddb731.html
Driving USA Tour,2002,Nova York (Madison Square Garden),2002-04-27,Let Me Roll It,https://www.setlist.fm/setlist/paul-mccartney/2002/madison-square-garden-new-york-ny-53ddb731.html
Driving USA Tour,2002,Nova York (Madison Square Garden),2002-04-27,Lonely Road,https://www.setlist.fm/setlist/paul-mccartney/2002/madison-square-garden-new-york-ny-53ddb731.html
Driving USA Tour,2002,Nova York (Madison Square Garden),2002-04-27,Driving Rain,https://www.setlist.fm/setlist/paul-mccartney/2002/madison-square-garden-new-york-ny-53ddb731.html
Driving USA Tour,2002,Nova York (Madison Square Garden),2002-04-27,Your Loving Flame,https://www.setlist.fm/setlist/paul-mccartney/2002/madison-square-garden-new-york-ny-53ddb731.html
Driving USA Tour,2002,Nova York (Madison Square Garden),2002-04-27,Blackbird,https://www.setlist.fm/setlist/paul-mccartney/2002/madison-square-garden-new-york-ny-53ddb731.html
Driving USA Tour,2002,Nova York (Madison Square Garden),2002-04-27,Every Night,https://www.setlist.fm/setlist/paul-mccartney/2002/madison-square-garden-new-york-ny-53ddb731.html
Driving USA Tour,2002,Nova York (Madison Square Garden),2002-04-27,We Can Work It Out,https://www.setlist.fm/setlist/paul-mccartney/2002/madison-square-garden-new-york-ny-53ddb731.html
Driving USA Tour,2002,Nova York (Madison Square Garden),2002-04-27,Mother Nature's Son,https://www.setlist.fm/setlist/paul-mccartney/2002/madison-square-garden-new-york-ny-53ddb731.html
Driving USA Tour,2002,Nova York (Madison Square Garden),2002-04-27,Vanilla Sky,https://www.setlist.fm/setlist/paul-mccartney/2002/madison-square-garden-new-york-ny-53ddb731.html
Driving USA Tour,2002,Nova York (Madison Square Garden),2002-04-27,You Never Give Me Your Money,https://www.setlist.fm/setlist/paul-mccartney/2002/madison-square-garden-new-york-ny-53ddb731.html
Driving USA Tour,2002,Nova York (Madison Square Garden),2002-04-27,The Fool on the Hill,https://www.setlist.fm/setlist/paul-mccartney/2002/madison-square-garden-new-york-ny-53ddb731.html
Driving USA Tour,2002,Nova York (Madison Square Garden),2002-04-27,Here Today,https://www.setlist.fm/setlist/paul-mccartney/2002/madison-square-garden-new-york-ny-53ddb731.html
Driving USA Tour,2002,Nova York (Madison Square Garden),2002-04-27,Something,https://www.setlist.fm/setlist/paul-mccartney/2002/madison-square-garden-new-york-ny-53ddb731.html
Driving USA Tour,2002,Nova York (Madison Square Garden),2002-04-27,Eleanor Rigby,https://www.setlist.fm/setlist/paul-mccartney/2002/madison-square-garden-new-york-ny-53ddb731.html
Driving USA Tour,2002,Nova York (Madison Square Garden),2002-04-27,"Here, There and Everywhere",https://www.setlist.fm/setlist/paul-mccartney/2002/madison-square-garden-new-york-ny-53ddb731.html
Driving USA Tour,2002,Nova York (Madison Square Garden),2002-04-27,Band on the Run,https://www.setlist.fm/setlist/paul-mccartney/2002/madison-square-garden-new-york-ny-53ddb731.html
Driving USA Tour,2002,Nova York (Madison Square Garden),2002-04-27,Back in the U.S.S.R.,https://www.setlist.fm/setlist/paul-mccartney/2002/madison-square-garden-new-york-ny-53ddb731.html
Driving USA Tour,2002,Nova York (Madison Square Garden),2002-04-27,Maybe I'm Amazed,https://www.setlist.fm/setlist/paul-mccartney/2002/madison-square-garden-new-york-ny-53ddb731.html
Driving USA Tour,2002,Nova York (Madison Square Garden),2002-04-27,C Moon,https://www.setlist.fm/setlist/paul-mccartney/2002/madison-square-garden-new-york-ny-53ddb731.html
Driving USA Tour,2002,Nova York (Madison Square Garden),2002-04-27,My Love,https://www.setlist.fm/setlist/paul-mccartney/2002/madison-square-garden-new-york-ny-53ddb731.html
Driving USA Tour,2002,Nova York (Madison Square Garden),2002-04-27,Can't Buy Me Love,https://www.setlist.fm/setlist/paul-mccartney/2002/madison-square-garden-new-york-ny-53ddb731.html
Driving USA Tour,2002,Nova York (Madison Square Garden),2002-04-27,Freedom,https://www.setlist.fm/setlist/paul-mccartney/2002/madison-square-garden-new-york-ny-53ddb731.html
Driving USA Tour,2002,Nova York (Madison Square Garden),2002-04-27,Live and Let Die,https://www.setlist.fm/setlist/paul-mccartney/2002/madison-square-garden-new-york-ny-53ddb731.html
Driving USA Tour,2002,Nova York (Madison Square Garden),2002-04-27,Let It Be,https://www.setlist.fm/setlist/paul-mccartney/2002/madison-square-garden-new-york-ny-53ddb731.html
Driving USA Tour,2002,Nova York (Madison Square Garden),2002-04-27,Hey Jude,https://www.setlist.fm/setlist/paul-mccartney/2002/madison-square-garden-new-york-ny-53ddb731.html
Driving USA Tour,2002,Nova York (Madison Square Garden),2002-04-27,The Long and Winding Road,https://www.setlist.fm/setlist/paul-mccartney/2002/madison-square-garden-new-york-ny-53ddb731.html
Driving USA Tour,2002,Nova York (Madison Square Garden),2002-04-27,Lady Madonna,https://www.setlist.fm/setlist/paul-mccartney/2002/madison-square-garden-new-york-ny-53ddb731.html
Driving USA Tour,2002,Nova York (Madison Square Garden),2002-04-27,I Saw Her Standing There,https://www.setlist.fm/setlist/paul-mccartney/2002/madison-square-garden-new-york-ny-53ddb731.html
Driving USA Tour,2002,Nova York (Madison Square Garden),2002-04-27,Yesterday,https://www.setlist.fm/setlist/paul-mccartney/2002/madison-square-garden-new-york-ny-53ddb731.html
Driving USA Tour,2002,Nova York (Madison Square Garden),2002-04-27,Sgt. Pepper's Lonely Hearts Club Band (Reprise),https://www.setlist.fm/setlist/paul-mccartney/2002/madison-square-garden-new-york-ny-53ddb731.html
Driving USA Tour,2002,Nova York (Madison Square Garden),2002-04-27,The End,https://www.setlist.fm/setlist/paul-mccartney/2002/madison-square-garden-new-york-ny-53ddb731.html
Back in the World Tour,2003,Paris (Bercy),2003-03-25,"Hello, Goodbye",https://www.setlist.fm/setlist/paul-mccartney/2003/palais-omnisports-de-paris-bercy-paris-france-3d0111b.html
Back in the World Tour,2003,Paris (Bercy),2003-03-25,Jet,https://www.setlist.fm/setlist/paul-mccartney/2003/palais-omnisports-de-paris-bercy-paris-france-3d0111b.html
Back in the World Tour,2003,Paris (Bercy),2003-03-25,All My Loving,https://www.setlist.fm/setlist/paul-mccartney/2003/palais-omnisports-de-paris-bercy-paris-france-3d0111b.html
Back in the World Tour,2003,Paris (Bercy),2003-03-25,Getting Better,https://www.setlist.fm/setlist/paul-mccartney/2003/palais-omnisports-de-paris-bercy-paris-france-3d0111b.html
Back in the World Tour,2003,Paris (Bercy),2003-03-25,Coming Up,https://www.setlist.fm/setlist/paul-mccartney/2003/palais-omnisports-de-paris-bercy-paris-france-3d0111b.html
Back in the World Tour,2003,Paris (Bercy),2003-03-25,Let Me Roll It,https://www.setlist.fm/setlist/paul-mccartney/2003/palais-omnisports-de-paris-bercy-paris-france-3d0111b.html
Back in the World Tour,2003,Paris (Bercy),2003-03-25,Lonely Road,https://www.setlist.fm/setlist/paul-mccartney/2003/palais-omnisports-de-paris-bercy-paris-france-3d0111b.html
Back in the World Tour,2003,Paris (Bercy),2003-03-25,Driving Rain,https://www.setlist.fm/setlist/paul-mccartney/2003/palais-omnisports-de-paris-bercy-paris-france-3d0111b.html
Back in the World Tour,2003,Paris (Bercy),2003-03-25,Your Loving Flame,https://www.setlist.fm/setlist/paul-mccartney/2003/palais-omnisports-de-paris-bercy-paris-france-3d0111b.html
Back in the World Tour,2003,Paris (Bercy),2003-03-25,Blackbird,https://www.setlist.fm/setlist/paul-mccartney/2003/palais-omnisports-de-paris-bercy-paris-france-3d0111b.html
Back in the World Tour,2003,Paris (Bercy),2003-03-25,Every Night,https://www.setlist.fm/setlist/paul-mccartney/2003/palais-omnisports-de-paris-bercy-paris-france-3d0111b.html
Back in the World Tour,2003,Paris (Bercy),2003-03-25,We Can Work It Out,https://www.setlist.fm/setlist/paul-mccartney/2003/palais-omnisports-de-paris-bercy-paris-france-3d0111b.html
Back in the World Tour,2003,Paris (Bercy),2003-03-25,You Never Give Me Your Money,https://www.setlist.fm/setlist/paul-mccartney/2003/palais-omnisports-de-paris-bercy-paris-france-3d0111b.html
Back in the World Tour,2003,Paris (Bercy),2003-03-25,The Fool on the Hill,https://www.setlist.fm/setlist/paul-mccartney/2003/palais-omnisports-de-paris-bercy-paris-france-3d0111b.html
Back in the World Tour,2003,Paris (Bercy),2003-03-25,Here Today,https://www.setlist.fm/setlist/paul-mccartney/2003/palais-omnisports-de-paris-bercy-paris-france-3d0111b.html
Back in the World Tour,2003,Paris (Bercy),2003-03-25,Something,https://www.setlist.fm/setlist/paul-mccartney/2003/palais-omnisports-de-paris-bercy-paris-france-3d0111b.html
Back in the World Tour,2003,Paris (Bercy),2003-03-25,Eleanor Rigby,https://www.setlist.fm/setlist/paul-mccartney/2003/palais-omnisports-de-paris-bercy-paris-france-3d0111b.html
Back in the World Tour,2003,Paris (Bercy),2003-03-25,"Here, There and Everywhere",https://www.setlist.fm/setlist/paul-mccartney/2003/palais-omnisports-de-paris-bercy-paris-france-3d0111b.html
Back in the World Tour,2003,Paris (Bercy),2003-03-25,Calico Skies,https://www.setlist.fm/setlist/paul-mccartney/2003/palais-omnisports-de-paris-bercy-paris-france-3d0111b.html
Back in the World Tour,2003,Paris (Bercy),2003-03-25,Michelle,https://www.setlist.fm/setlist/paul-mccartney/2003/palais-omnisports-de-paris-bercy-paris-france-3d0111b.html
Back in the World Tour,2003,Paris (Bercy),2003-03-25,Band on the Run,https://www.setlist.fm/setlist/paul-mccartney/2003/palais-omnisports-de-paris-bercy-paris-france-3d0111b.html
Back in the World Tour,2003,Paris (Bercy),2003-03-25,Back in the U.S.S.R.,https://www.setlist.fm/setlist/paul-mccartney/2003/palais-omnisports-de-paris-bercy-paris-france-3d0111b.html
Back in the World Tour,2003,Paris (Bercy),2003-03-25,Maybe I'm Amazed,https://www.setlist.fm/setlist/paul-mccartney/2003/palais-omnisports-de-paris-bercy-paris-france-3d0111b.html
Back in the World Tour,2003,Paris (Bercy),2003-03-25,Let 'Em In,https://www.setlist.fm/setlist/paul-mccartney/2003/palais-omnisports-de-paris-bercy-paris-france-3d0111b.html
Back in the World Tour,2003,Paris (Bercy),2003-03-25,My Love,https://www.setlist.fm/setlist/paul-mccartney/2003/palais-omnisports-de-paris-bercy-paris-france-3d0111b.html
Back in the World Tour,2003,Paris (Bercy),2003-03-25,She's Leaving Home,https://www.setlist.fm/setlist/paul-mccartney/2003/palais-omnisports-de-paris-bercy-paris-france-3d0111b.html
Back in the World Tour,2003,Paris (Bercy),2003-03-25,Can't Buy Me Love,https://www.setlist.fm/setlist/paul-mccartney/2003/palais-omnisports-de-paris-bercy-paris-france-3d0111b.html
Back in the World Tour,2003,Paris (Bercy),2003-03-25,Birthday,https://www.setlist.fm/setlist/paul-mccartney/2003/palais-omnisports-de-paris-bercy-paris-france-3d0111b.html
Back in the World Tour,2003,Paris (Bercy),2003-03-25,Live and Let Die,https://www.setlist.fm/setlist/paul-mccartney/2003/palais-omnisports-de-paris-bercy-paris-france-3d0111b.html
Back in the World Tour,2003,Paris (Bercy),2003-03-25,Let It Be,https://www.setlist.fm/setlist/paul-mccartney/2003/palais-omnisports-de-paris-bercy-paris-france-3d0111b.html
Back in the World Tour,2003,Paris (Bercy),2003-03-25,Hey Jude,https://www.setlist.fm/setlist/paul-mccartney/2003/palais-omnisports-de-paris-bercy-paris-france-3d0111b.html
Back in the World Tour,2003,Paris (Bercy),2003-03-25,The Long and Winding Road,https://www.setlist.fm/setlist/paul-mccartney/2003/palais-omnisports-de-paris-bercy-paris-france-3d0111b.html
Back in the World Tour,2003,Paris (Bercy),2003-03-25,Lady Madonna,https://www.setlist.fm/setlist/paul-mccartney/2003/palais-omnisports-de-paris-bercy-paris-france-3d0111b.html
Back in the World Tour,2003,Paris (Bercy),2003-03-25,I Saw Her Standing There,https://www.setlist.fm/setlist/paul-mccartney/2003/palais-omnisports-de-paris-bercy-paris-france-3d0111b.html
Back in the World Tour,2003,Paris (Bercy),2003-03-25,Yesterday,https://www.setlist.fm/setlist/paul-mccartney/2003/palais-omnisports-de-paris-bercy-paris-france-3d0111b.html
Back in the World Tour,2003,Paris (Bercy),2003-03-25,Sgt. Pepper's Lonely Hearts Club Band (Reprise),https://www.setlist.fm/setlist/paul-mccartney/2003/palais-omnisports-de-paris-bercy-paris-france-3d0111b.html
Back in the World Tour,2003,Paris (Bercy),2003-03-25,The End,https://www.setlist.fm/setlist/paul-mccartney/2003/palais-omnisports-de-paris-bercy-paris-france-3d0111b.html
US Tour 2005,2005,Nova York (Madison Square Garden),2005-09-30,Magical Mystery Tour,https://www.setlist.fm/setlist/paul-mccartney/2005/madison-square-garden-new-york-ny-5bddb700.html
US Tour 2005,2005,Nova York (Madison Square Garden),2005-09-30,Flaming Pie,https://www.setlist.fm/setlist/paul-mccartney/2005/madison-square-garden-new-york-ny-5bddb700.html
US Tour 2005,2005,Nova York (Madison Square Garden),2005-09-30,Jet,https://www.setlist.fm/setlist/paul-mccartney/2005/madison-square-garden-new-york-ny-5bddb700.html
US Tour 2005,2005,Nova York (Madison Square Garden),2005-09-30,I'll Get You,https://www.setlist.fm/setlist/paul-mccartney/2005/madison-square-garden-new-york-ny-5bddb700.html
US Tour 2005,2005,Nova York (Madison Square Garden),2005-09-30,Drive My Car,https://www.setlist.fm/setlist/paul-mccartney/2005/madison-square-garden-new-york-ny-5bddb700.html
US Tour 2005,2005,Nova York (Madison Square Garden),2005-09-30,Till There Was You,https://www.setlist.fm/setlist/paul-mccartney/2005/madison-square-garden-new-york-ny-5bddb700.html
US Tour 2005,2005,Nova York (Madison Square Garden),2005-09-30,Let Me Roll It,https://www.setlist.fm/setlist/paul-mccartney/2005/madison-square-garden-new-york-ny-5bddb700.html
US Tour 2005,2005,Nova York (Madison Square Garden),2005-09-30,Got to Get You Into My Life,https://www.setlist.fm/setlist/paul-mccartney/2005/madison-square-garden-new-york-ny-5bddb700.html
US Tour 2005,2005,Nova York (Madison Square Garden),2005-09-30,Fine Line,https://www.setlist.fm/setlist/paul-mccartney/2005/madison-square-garden-new-york-ny-5bddb700.html
US Tour 2005,2005,Nova York (Madison Square Garden),2005-09-30,Maybe I'm Amazed,https://www.setlist.fm/setlist/paul-mccartney/2005/madison-square-garden-new-york-ny-5bddb700.html
US Tour 2005,2005,Nova York (Madison Square Garden),2005-09-30,The Long and Winding Road,https://www.setlist.fm/setlist/paul-mccartney/2005/madison-square-garden-new-york-ny-5bddb700.html
US Tour 2005,2005,Nova York (Madison Square Garden),2005-09-30,In Spite of All the Danger,https://www.setlist.fm/setlist/paul-mccartney/2005/madison-square-garden-new-york-ny-5bddb700.html
US Tour 2005,2005,Nova York (Madison Square Garden),2005-09-30,I Will,https://www.setlist.fm/setlist/paul-mccartney/2005/madison-square-garden-new-york-ny-5bddb700.html
US Tour 2005,2005,Nova York (Madison Square Garden),2005-09-30,Jenny Wren,https://www.setlist.fm/setlist/paul-mccartney/2005/madison-square-garden-new-york-ny-5bddb700.html
US Tour 2005,2005,Nova York (Madison Square Garden),2005-09-30,For No One,https://www.setlist.fm/setlist/paul-mccartney/2005/madison-square-garden-new-york-ny-5bddb700.html
US Tour 2005,2005,Nova York (Madison Square Garden),2005-09-30,Fixing a Hole,https://www.setlist.fm/setlist/paul-mccartney/2005/madison-square-garden-new-york-ny-5bddb700.html
US Tour 2005,2005,Nova York (Madison Square Garden),2005-09-30,English Tea,https://www.setlist.fm/setlist/paul-mccartney/2005/madison-square-garden-new-york-ny-5bddb700.html
US Tour 2005,2005,Nova York (Madison Square Garden),2005-09-30,I'll Follow the Sun,https://www.setlist.fm/setlist/paul-mccartney/2005/madison-square-garden-new-york-ny-5bddb700.html
US Tour 2005,2005,Nova York (Madison Square Garden),2005-09-30,Follow Me,https://www.setlist.fm/setlist/paul-mccartney/2005/madison-square-garden-new-york-ny-5bddb700.html
US Tour 2005,2005,Nova York (Madison Square Garden),2005-09-30,Blackbird,https://www.setlist.fm/setlist/paul-mccartney/2005/madison-square-garden-new-york-ny-5bddb700.html
US Tour 2005,2005,Nova York (Madison Square Garden),2005-09-30,Eleanor Rigby,https://www.setlist.fm/setlist/paul-mccartney/2005/madison-square-garden-new-york-ny-5bddb700.html
US Tour 2005,2005,Nova York (Madison Square Garden),2005-09-30,Too Many People,https://www.setlist.fm/setlist/paul-mccartney/2005/madison-square-garden-new-york-ny-5bddb700.html
US Tour 2005,2005,Nova York (Madison Square Garden),2005-09-30,She Came in Through the Bathroom Window,https://www.setlist.fm/setlist/paul-mccartney/2005/madison-square-garden-new-york-ny-5bddb700.html
US Tour 2005,2005,Nova York (Madison Square Garden),2005-09-30,Good Day Sunshine,https://www.setlist.fm/setlist/paul-mccartney/2005/madison-square-garden-new-york-ny-5bddb700.html
US Tour 2005,2005,Nova York (Madison Square Garden),2005-09-30,Band on the Run,https://www.setlist.fm/setlist/paul-mccartney/2005/madison-square-garden-new-york-ny-5bddb700.html
US Tour 2005,2005,Nova York (Madison Square Garden),2005-09-30,Penny Lane,https://www.setlist.fm/setlist/paul-mccartney/2005/madison-square-garden-new-york-ny-5bddb700.html
US Tour 2005,2005,Nova York (Madison Square Garden),2005-09-30,I've Got a Feeling,https://www.setlist.fm/setlist/paul-mccartney/2005/madison-square-garden-new-york-ny-5bddb700.html
US Tour 2005,2005,Nova York (Madison Square Garden),2005-09-30,Back in the U.S.S.R.,https://www.setlist.fm/setlist/paul-mccartney/2005/madison-square-garden-new-york-ny-5bddb700.html
US Tour 2005,2005,Nova York (Madison Square Garden),2005-09-30,Hey Jude,https://www.setlist.fm/setlist/paul-mccartney/2005/madison-square-garden-new-york-ny-5bddb700.html
US Tour 2005,2005,Nova York (Madison Square Garden),2005-09-30,Live and Let Die,https://www.setlist.fm/setlist/paul-mccartney/2005/madison-square-garden-new-york-ny-5bddb700.html
US Tour 2005,2005,Nova York (Madison Square Garden),2005-09-30,Yesterday,https://www.setlist.fm/setlist/paul-mccartney/2005/madison-square-garden-new-york-ny-5bddb700.html
US Tour 2005,2005,Nova York (Madison Square Garden),2005-09-30,Get Back,https://www.setlist.fm/setlist/paul-mccartney/2005/madison-square-garden-new-york-ny-5bddb700.html
US Tour 2005,2005,Nova York (Madison Square Garden),2005-09-30,Helter Skelter,https://www.setlist.fm/setlist/paul-mccartney/2005/madison-square-garden-new-york-ny-5bddb700.html
US Tour 2005,2005,Nova York (Madison Square Garden),2005-09-30,Please Please Me,https://www.setlist.fm/setlist/paul-mccartney/2005/madison-square-garden-new-york-ny-5bddb700.html
US Tour 2005,2005,Nova York (Madison Square Garden),2005-09-30,Let It Be,https://www.setlist.fm/setlist/paul-mccartney/2005/madison-square-garden-new-york-ny-5bddb700.html
US Tour 2005,2005,Nova York (Madison Square Garden),2005-09-30,Sgt. Pepper's Lonely Hearts Club Band (Reprise),https://www.setlist.fm/setlist/paul-mccartney/2005/madison-square-garden-new-york-ny-5bddb700.html
US Tour 2005,2005,Nova York (Madison Square Garden),2005-09-30,The End,https://www.setlist.fm/setlist/paul-mccartney/2005/madison-square-garden-new-york-ny-5bddb700.html
Summer Live '09,2009,Nova York (Citi Field),2009-07-17,Drive My Car,https://www.setlist.fm/setlist/paul-mccartney/2009/citi-field-queens-ny-43d657ab.html
Summer Live '09,2009,Nova York (Citi Field),2009-07-17,Jet,https://www.setlist.fm/setlist/paul-mccartney/2009/citi-field-queens-ny-43d657ab.html
Summer Live '09,2009,Nova York (Citi Field),2009-07-17,Only Mama Knows,https://www.setlist.fm/setlist/paul-mccartney/2009/citi-field-queens-ny-43d657ab.html
Summer Live '09,2009,Nova York (Citi Field),2009-07-17,Flaming Pie,https://www.setlist.fm/setlist/paul-mccartney/2009/citi-field-queens-ny-43d657ab.html
Summer Live '09,2009,Nova York (Citi Field),2009-07-17,Got to Get You Into My Life,https://www.setlist.fm/setlist/paul-mccartney/2009/citi-field-queens-ny-43d657ab.html
Summer Live '09,2009,Nova York (Citi Field),2009-07-17,Let Me Roll It,https://www.setlist.fm/setlist/paul-mccartney/2009/citi-field-queens-ny-43d657ab.html
Summer Live '09,2009,Nova York (Citi Field),2009-07-17,Highway,https://www.setlist.fm/setlist/paul-mccartney/2009/citi-field-queens-ny-43d657ab.html
Summer Live '09,2009,Nova York (Citi Field),2009-07-17,The Long and Winding Road,https://www.setlist.fm/setlist/paul-mccartney/2009/citi-field-queens-ny-43d657ab.html
Summer Live '09,2009,Nova York (Citi Field),2009-07-17,My Love,https://www.setlist.fm/setlist/paul-mccartney/2009/citi-field-queens-ny-43d657ab.html
Summer Live '09,2009,Nova York (Citi Field),2009-07-17,Blackbird,https://www.setlist.fm/setlist/paul-mccartney/2009/citi-field-queens-ny-43d657ab.html
Summer Live '09,2009,Nova York (Citi Field),2009-07-17,Here Today,https://www.setlist.fm/setlist/paul-mccartney/2009/citi-field-queens-ny-43d657ab.html
Summer Live '09,2009,Nova York (Citi Field),2009-07-17,Dance Tonight,https://www.setlist.fm/setlist/paul-mccartney/2009/citi-field-queens-ny-43d657ab.html
Summer Live '09,2009,Nova York (Citi Field),2009-07-17,Calico Skies,https://www.setlist.fm/setlist/paul-mccartney/2009/citi-field-queens-ny-43d657ab.html
Summer Live '09,2009,Nova York (Citi Field),2009-07-17,Mrs. Vandebilt,https://www.setlist.fm/setlist/paul-mccartney/2009/citi-field-queens-ny-43d657ab.html
Summer Live '09,2009,Nova York (Citi Field),2009-07-17,Eleanor Rigby,https://www.setlist.fm/setlist/paul-mccartney/2009/citi-field-queens-ny-43d657ab.html
Summer Live '09,2009,Nova York (Citi Field),2009-07-17,Sing the Changes,https://www.setlist.fm/setlist/paul-mccartney/2009/citi-field-queens-ny-43d657ab.html
Summer Live '09,2009,Nova York (Citi Field),2009-07-17,Band on the Run,https://www.setlist.fm/setlist/paul-mccartney/2009/citi-field-queens-ny-43d657ab.html
Summer Live '09,2009,Nova York (Citi Field),2009-07-17,Back in the U.S.S.R.,https://www.setlist.fm/setlist/paul-mccartney/2009/citi-field-queens-ny-43d657ab.html
Summer Live '09,2009,Nova York (Citi Field),2009-07-17,I'm Down,https://www.setlist.fm/setlist/paul-mccartney/2009/citi-field-queens-ny-43d657ab.html
Summer Live '09,2009,Nova York (Citi Field),2009-07-17,Something,https://www.setlist.fm/setlist/paul-mccartney/2009/citi-field-queens-ny-43d657ab.html
Summer Live '09,2009,Nova York (Citi Field),2009-07-17,I've Got a Feeling,https://www.setlist.fm/setlist/paul-mccartney/2009/citi-field-queens-ny-43d657ab.html
Summer Live '09,2009,Nova York (Citi Field),2009-07-17,Paperback Writer,https://www.setlist.fm/setlist/paul-mccartney/2009/citi-field-queens-ny-43d657ab.html
Summer Live '09,2009,Nova York (Citi Field),2009-07-17,A Day in the Life,https://www.setlist.fm/setlist/paul-mccartney/2009/citi-field-queens-ny-43d657ab.html
Summer Live '09,2009,Nova York (Citi Field),2009-07-17,Let It Be,https://www.setlist.fm/setlist/paul-mccartney/2009/citi-field-queens-ny-43d657ab.html
Summer Live '09,2009,Nova York (Citi Field),2009-07-17,Live and Let Die,https://www.setlist.fm/setlist/paul-mccartney/2009/citi-field-queens-ny-43d657ab.html
Summer Live '09,2009,Nova York (Citi Field),2009-07-17,Day Tripper,https://www.setlist.fm/setlist/paul-mccartney/2009/citi-field-queens-ny-43d657ab.html
Summer Live '09,2009,Nova York (Citi Field),2009-07-17,Lady Madonna,https://www.setlist.fm/setlist/paul-mccartney/2009/citi-field-queens-ny-43d657ab.html
Summer Live '09,2009,Nova York (Citi Field),2009-07-17,I Saw Her Standing There,https://www.setlist.fm/setlist/paul-mccartney/2009/citi-field-queens-ny-43d657ab.html
Summer Live '09,2009,Nova York (Citi Field),2009-07-17,Yesterday,https://www.setlist.fm/setlist/paul-mccartney/2009/citi-field-queens-ny-43d657ab.html
Summer Live '09,2009,Nova York (Citi Field),2009-07-17,Helter Skelter,https://www.setlist.fm/setlist/paul-mccartney/2009/citi-field-queens-ny-43d657ab.html
Summer Live '09,2009,Nova York (Citi Field),2009-07-17,Get Back,https://www.setlist.fm/setlist/paul-mccartney/2009/citi-field-queens-ny-43d657ab.html
Summer Live '09,2009,Nova York (Citi Field),2009-07-17,Sgt. Pepper's Lonely Hearts Club Band (Reprise),https://www.setlist.fm/setlist/paul-mccartney/2009/citi-field-queens-ny-43d657ab.html
Summer Live '09,2009,Nova York (Citi Field),2009-07-17,The End,https://www.setlist.fm/setlist/paul-mccartney/2009/citi-field-queens-ny-43d657ab.html
Up and Coming,2010,Porto Alegre,2010-11-07,Venus and Mars,https://www.setlist.fm/setlist/paul-mccartney/2010/estadio-beira-rio-porto-alegre-brazil-33d564c9.html
Up and Coming,2010,Porto Alegre,2010-11-07,Rock Show,https://www.setlist.fm/setlist/paul-mccartney/2010/estadio-beira-rio-porto-alegre-brazil-33d564c9.html
Up and Coming,2010,Porto Alegre,2010-11-07,Jet,https://www.setlist.fm/setlist/paul-mccartney/2010/estadio-beira-rio-porto-alegre-brazil-33d564c9.html
Up and Coming,2010,Porto Alegre,2010-11-07,All My Loving,https://www.setlist.fm/setlist/paul-mccartney/2010/estadio-beira-rio-porto-alegre-brazil-33d564c9.html
Up and Coming,2010,Porto Alegre,2010-11-07,Letting Go,https://www.setlist.fm/setlist/paul-mccartney/2010/estadio-beira-rio-porto-alegre-brazil-33d564c9.html
Up and Coming,2010,Porto Alegre,2010-11-07,Drive My Car,https://www.setlist.fm/setlist/paul-mccartney/2010/estadio-beira-rio-porto-alegre-brazil-33d564c9.html
Up and Coming,2010,Porto Alegre,2010-11-07,Highway,https://www.setlist.fm/setlist/paul-mccartney/2010/estadio-beira-rio-porto-alegre-brazil-33d564c9.html
Up and Coming,2010,Porto Alegre,2010-11-07,Let Me Roll It,https://www.setlist.fm/setlist/paul-mccartney/2010/estadio-beira-rio-porto-alegre-brazil-33d564c9.html
Up and Coming,2010,Porto Alegre,2010-11-07,The Long and Winding Road,https://www.setlist.fm/setlist/paul-mccartney/2010/estadio-beira-rio-porto-alegre-brazil-33d564c9.html
Up and Coming,2010,Porto Alegre,2010-11-07,Nineteen Hundred and Eighty-Five,https://www.setlist.fm/setlist/paul-mccartney/2010/estadio-beira-rio-porto-alegre-brazil-33d564c9.html
Up and Coming,2010,Porto Alegre,2010-11-07,Let 'Em In,https://www.setlist.fm/setlist/paul-mccartney/2010/estadio-beira-rio-porto-alegre-brazil-33d564c9.html
Up and Coming,2010,Porto Alegre,2010-11-07,My Love,https://www.setlist.fm/setlist/paul-mccartney/2010/estadio-beira-rio-porto-alegre-brazil-33d564c9.html
Up and Coming,2010,Porto Alegre,2010-11-07,I've Just Seen a Face,https://www.setlist.fm/setlist/paul-mccartney/2010/estadio-beira-rio-porto-alegre-brazil-33d564c9.html
Up and Coming,2010,Porto Alegre,2010-11-07,And I Love Her,https://www.setlist.fm/setlist/paul-mccartney/2010/estadio-beira-rio-porto-alegre-brazil-33d564c9.html
Up and Coming,2010,Porto Alegre,2010-11-07,Blackbird,https://www.setlist.fm/setlist/paul-mccartney/2010/estadio-beira-rio-porto-alegre-brazil-33d564c9.html
Up and Coming,2010,Porto Alegre,2010-11-07,Here Today,https://www.setlist.fm/setlist/paul-mccartney/2010/estadio-beira-rio-porto-alegre-brazil-33d564c9.html
Up and Coming,2010,Porto Alegre,2010-11-07,Dance Tonight,https://www.setlist.fm/setlist/paul-mccartney/2010/estadio-beira-rio-porto-alegre-brazil-33d564c9.html
Up and Coming,2010,Porto Alegre,2010-11-07,Mrs. Vandebilt,https://www.setlist.fm/setlist/paul-mccartney/2010/estadio-beira-rio-porto-alegre-brazil-33d564c9.html
Up and Coming,2010,Porto Alegre,2010-11-07,Eleanor Rigby,https://www.setlist.fm/setlist/paul-mccartney/2010/estadio-beira-rio-porto-alegre-brazil-33d564c9.html
Up and Coming,2010,Porto Alegre,2010-11-07,Ram On,https://www.setlist.fm/setlist/paul-mccartney/2010/estadio-beira-rio-porto-alegre-brazil-33d564c9.html
Up and Coming,2010,Porto Alegre,2010-11-07,Something,https://www.setlist.fm/setlist/paul-mccartney/2010/estadio-beira-rio-porto-alegre-brazil-33d564c9.html
Up and Coming,2010,Porto Alegre,2010-11-07,Sing the Changes,https://www.setlist.fm/setlist/paul-mccartney/2010/estadio-beira-rio-porto-alegre-brazil-33d564c9.html
Up and Coming,2010,Porto Alegre,2010-11-07,Band on the Run,https://www.setlist.fm/setlist/paul-mccartney/2010/estadio-beira-rio-porto-alegre-brazil-33d564c9.html
Up and Coming,2010,Porto Alegre,2010-11-07,"Ob-La-Di, Ob-La-Da",https://www.setlist.fm/setlist/paul-mccartney/2010/estadio-beira-rio-porto-alegre-brazil-33d564c9.html
Up and Coming,2010,Porto Alegre,2010-11-07,Back in the U.S.S.R.,https://www.setlist.fm/setlist/paul-mccartney/2010/estadio-beira-rio-porto-alegre-brazil-33d564c9.html
Up and Coming,2010,Porto Alegre,2010-11-07,I've Got a Feeling,https://www.setlist.fm/setlist/paul-mccartney/2010/estadio-beira-rio-porto-alegre-brazil-33d564c9.html
Up and Coming,2010,Porto Alegre,2010-11-07,Paperback Writer,https://www.setlist.fm/setlist/paul-mccartney/2010/estadio-beira-rio-porto-alegre-brazil-33d564c9.html
Up and Coming,2010,Porto Alegre,2010-11-07,A Day in the Life,https://www.setlist.fm/setlist/paul-mccartney/2010/estadio-beira-rio-porto-alegre-brazil-33d564c9.html
Up and Coming,2010,Porto Alegre,2010-11-07,Let It Be,https://www.setlist.fm/setlist/paul-mccartney/2010/estadio-beira-rio-porto-alegre-brazil-33d564c9.html
Up and Coming,2010,Porto Alegre,2010-11-07,Live and Let Die,https://www.setlist.fm/setlist/paul-mccartney/2010/estadio-beira-rio-porto-alegre-brazil-33d564c9.html
Up and Coming,2010,Porto Alegre,2010-11-07,Hey Jude,https://www.setlist.fm/setlist/paul-mccartney/2010/estadio-beira-rio-porto-alegre-brazil-33d564c9.html
Up and Coming,2010,Porto Alegre,2010-11-07,Day Tripper,https://www.setlist.fm/setlist/paul-mccartney/2010/estadio-beira-rio-porto-alegre-brazil-33d564c9.html
Up and Coming,2010,Porto Alegre,2010-11-07,Lady Madonna,https://www.setlist.fm/setlist/paul-mccartney/2010/estadio-beira-rio-porto-alegre-brazil-33d564c9.html
Up and Coming,2010,Porto Alegre,2010-11-07,Get Back,https://www.setlist.fm/setlist/paul-mccartney/2010/estadio-beira-rio-porto-alegre-brazil-33d564c9.html
Up and Coming,2010,Porto Alegre,2010-11-07,Yesterday,https://www.setlist.fm/setlist/paul-mccartney/2010/estadio-beira-rio-porto-alegre-brazil-33d564c9.html
Up and Coming,2010,Porto Alegre,2010-11-07,Helter Skelter,https://www.setlist.fm/setlist/paul-mccartney/2010/estadio-beira-rio-porto-alegre-brazil-33d564c9.html
Up and Coming,2010,Porto Alegre,2010-11-07,Sgt. Pepper's Lonely Hearts Club Band (Reprise),https://www.setlist.fm/setlist/paul-mccartney/2010/estadio-beira-rio-porto-alegre-brazil-33d564c9.html
Up and Coming,2010,Porto Alegre,2010-11-07,The End,https://www.setlist.fm/setlist/paul-mccartney/2010/estadio-beira-rio-porto-alegre-brazil-33d564c9.html
Out There,2014,Montevidéu,2014-04-19,Eight Days a Week,https://www.setlist.fm/setlist/paul-mccartney/2014/estadio-centenario-montevideo-uruguay-33c3eccd.html
Out There,2014,Montevidéu,2014-04-19,Save Us,https://www.setlist.fm/setlist/paul-mccartney/2014/estadio-centenario-montevideo-uruguay-33c3eccd.html
Out There,2014,Montevidéu,2014-04-19,All My Loving,https://www.setlist.fm/setlist/paul-mccartney/2014/estadio-centenario-montevideo-uruguay-33c3eccd.html
Out There,2014,Montevidéu,2014-04-19,Listen to What the Man Said,https://www.setlist.fm/setlist/paul-mccartney/2014/estadio-centenario-montevideo-uruguay-33c3eccd.html
Out There,2014,Montevidéu,2014-04-19,Let Me Roll It,https://www.setlist.fm/setlist/paul-mccartney/2014/estadio-centenario-montevideo-uruguay-33c3eccd.html
Out There,2014,Montevidéu,2014-04-19,Paperback Writer,https://www.setlist.fm/setlist/paul-mccartney/2014/estadio-centenario-montevideo-uruguay-33c3eccd.html
Out There,2014,Montevidéu,2014-04-19,My Valentine,https://www.setlist.fm/setlist/paul-mccartney/2014/estadio-centenario-montevideo-uruguay-33c3eccd.html
Out There,2014,Montevidéu,2014-04-19,Nineteen Hundred and Eighty-Five,https://www.setlist.fm/setlist/paul-mccartney/2014/estadio-centenario-montevideo-uruguay-33c3eccd.html
Out There,2014,Montevidéu,2014-04-19,The Long and Winding Road,https://www.setlist.fm/setlist/paul-mccartney/2014/estadio-centenario-montevideo-uruguay-33c3eccd.html
Out There,2014,Montevidéu,2014-04-19,Maybe I'm Amazed,https://www.setlist.fm/setlist/paul-mccartney/2014/estadio-centenario-montevideo-uruguay-33c3eccd.html
Out There,2014,Montevidéu,2014-04-19,I've Just Seen a Face,https://www.setlist.fm/setlist/paul-mccartney/2014/estadio-centenario-montevideo-uruguay-33c3eccd.html
Out There,2014,Montevidéu,2014-04-19,We Can Work It Out,https://www.setlist.fm/setlist/paul-mccartney/2014/estadio-centenario-montevideo-uruguay-33c3eccd.html
Out There,2014,Montevidéu,2014-04-19,Another Day,https://www.setlist.fm/setlist/paul-mccartney/2014/estadio-centenario-montevideo-uruguay-33c3eccd.html
Out There,2014,Montevidéu,2014-04-19,And I Love Her,https://www.setlist.fm/setlist/paul-mccartney/2014/estadio-centenario-montevideo-uruguay-33c3eccd.html
Out There,2014,Montevidéu,2014-04-19,Blackbird,https://www.setlist.fm/setlist/paul-mccartney/2014/estadio-centenario-montevideo-uruguay-33c3eccd.html
Out There,2014,Montevidéu,2014-04-19,Here Today,https://www.setlist.fm/setlist/paul-mccartney/2014/estadio-centenario-montevideo-uruguay-33c3eccd.html
Out There,2014,Montevidéu,2014-04-19,New,https://www.setlist.fm/setlist/paul-mccartney/2014/estadio-centenario-montevideo-uruguay-33c3eccd.html
Out There,2014,Montevidéu,2014-04-19,Queenie Eye,https://www.setlist.fm/setlist/paul-mccartney/2014/estadio-centenario-montevideo-uruguay-33c3eccd.html
Out There,2014,Montevidéu,2014-04-19,Lady Madonna,https://www.setlist.fm/setlist/paul-mccartney/2014/estadio-centenario-montevideo-uruguay-33c3eccd.html
Out There,2014,Montevidéu,2014-04-19,All Together Now,https://www.setlist.fm/setlist/paul-mccartney/2014/estadio-centenario-montevideo-uruguay-33c3eccd.html
Out There,2014,Montevidéu,2014-04-19,Lovely Rita,https://www.setlist.fm/setlist/paul-mccartney/2014/estadio-centenario-montevideo-uruguay-33c3eccd.html
Out There,2014,Montevidéu,2014-04-19,Everybody Out There,https://www.setlist.fm/setlist/paul-mccartney/2014/estadio-centenario-montevideo-uruguay-33c3eccd.html
Out There,2014,Montevidéu,2014-04-19,Eleanor Rigby,https://www.setlist.fm/setlist/paul-mccartney/2014/estadio-centenario-montevideo-uruguay-33c3eccd.html
Out There,2014,Montevidéu,2014-04-19,One After 909,https://www.setlist.fm/setlist/paul-mccartney/2014/estadio-centenario-montevideo-uruguay-33c3eccd.html
Out There,2014,Montevidéu,2014-04-19,Being for the Benefit of Mr. Kite!,https://www.setlist.fm/setlist/paul-mccartney/2014/estadio-centenario-montevideo-uruguay-33c3eccd.html
Out There,2014,Montevidéu,2014-04-19,Something,https://www.setlist.fm/setlist/paul-mccartney/2014/estadio-centenario-montevideo-uruguay-33c3eccd.html
Out There,2014,Montevidéu,2014-04-19,"Ob-La-Di, Ob-La-Da",https://www.setlist.fm/setlist/paul-mccartney/2014/estadio-centenario-montevideo-uruguay-33c3eccd.html
Out There,2014,Montevidéu,2014-04-19,Band on the Run,https://www.setlist.fm/setlist/paul-mccartney/2014/estadio-centenario-montevideo-uruguay-33c3eccd.html
Out There,2014,Montevidéu,2014-04-19,Back in the U.S.S.R.,https://www.setlist.fm/setlist/paul-mccartney/2014/estadio-centenario-montevideo-uruguay-33c3eccd.html
Out There,2014,Montevidéu,2014-04-19,Let It Be,https://www.setlist.fm/setlist/paul-mccartney/2014/estadio-centenario-montevideo-uruguay-33c3eccd.html
Out There,2014,Montevidéu,2014-04-19,Live and Let Die,https://www.setlist.fm/setlist/paul-mccartney/2014/estadio-centenario-montevideo-uruguay-33c3eccd.html
Out There,2014,Montevidéu,2014-04-19,Hey Jude,https://www.setlist.fm/setlist/paul-mccartney/2014/estadio-centenario-montevideo-uruguay-33c3eccd.html
Out There,2014,Montevidéu,2014-04-19,Day Tripper,https://www.setlist.fm/setlist/paul-mccartney/2014/estadio-centenario-montevideo-uruguay-33c3eccd.html
Out There,2014,Montevidéu,2014-04-19,"Hi, Hi, Hi",https://www.setlist.fm/setlist/paul-mccartney/2014/estadio-centenario-montevideo-uruguay-33c3eccd.html
Out There,2014,Montevidéu,2014-04-19,Get Back,https://www.setlist.fm/setlist/paul-mccartney/2014/estadio-centenario-montevideo-uruguay-33c3eccd.html
Out There,2014,Montevidéu,2014-04-19,Yesterday,https://www.setlist.fm/setlist/paul-mccartney/2014/estadio-centenario-montevideo-uruguay-33c3eccd.html
Out There,2014,Montevidéu,2014-04-19,Helter Skelter,https://www.setlist.fm/setlist/paul-mccartney/2014/estadio-centenario-montevideo-uruguay-33c3eccd.html
Out There,2014,Montevidéu,2014-04-19,Golden Slumbers,https://www.setlist.fm/setlist/paul-mccartney/2014/estadio-centenario-montevideo-uruguay-33c3eccd.html
Out There,2014,Montevidéu,2014-04-19,Carry That Weight,https://www.setlist.fm/setlist/paul-mccartney/2014/estadio-centenario-montevideo-uruguay-33c3eccd.html
Out There,2014,Montevidéu,2014-04-19,The End,https://www.setlist.fm/setlist/paul-mccartney/2014/estadio-centenario-montevideo-uruguay-33c3eccd.html
One on One,2017,Porto Alegre,2017-10-13,A Hard Day's Night,https://www.setlist.fm/setlist/paul-mccartney/2017/estadio-beira-rio-porto-alegre-brazil-43e3ef13.html
One on One,2017,Porto Alegre,2017-10-13,Junior's Farm,https://www.setlist.fm/setlist/paul-mccartney/2017/estadio-beira-rio-porto-alegre-brazil-43e3ef13.html
One on One,2017,Porto Alegre,2017-10-13,Can't Buy Me Love,https://www.setlist.fm/setlist/paul-mccartney/2017/estadio-beira-rio-porto-alegre-brazil-43e3ef13.html
One on One,2017,Porto Alegre,2017-10-13,Jet,https://www.setlist.fm/setlist/paul-mccartney/2017/estadio-beira-rio-porto-alegre-brazil-43e3ef13.html
One on One,2017,Porto Alegre,2017-10-13,Got to Get You Into My Life,https://www.setlist.fm/setlist/paul-mccartney/2017/estadio-beira-rio-porto-alegre-brazil-43e3ef13.html
One on One,2017,Porto Alegre,2017-10-13,Let Me Roll It,https://www.setlist.fm/setlist/paul-mccartney/2017/estadio-beira-rio-porto-alegre-brazil-43e3ef13.html
One on One,2017,Porto Alegre,2017-10-13,I've Got a Feeling,https://www.setlist.fm/setlist/paul-mccartney/2017/estadio-beira-rio-porto-alegre-brazil-43e3ef13.html
One on One,2017,Porto Alegre,2017-10-13,My Valentine,https://www.setlist.fm/setlist/paul-mccartney/2017/estadio-beira-rio-porto-alegre-brazil-43e3ef13.html
One on One,2017,Porto Alegre,2017-10-13,Nineteen Hundred and Eighty-Five,https://www.setlist.fm/setlist/paul-mccartney/2017/estadio-beira-rio-porto-alegre-brazil-43e3ef13.html
One on One,2017,Porto Alegre,2017-10-13,Maybe I'm Amazed,https://www.setlist.fm/setlist/paul-mccartney/2017/estadio-beira-rio-porto-alegre-brazil-43e3ef13.html
One on One,2017,Porto Alegre,2017-10-13,We Can Work It Out,https://www.setlist.fm/setlist/paul-mccartney/2017/estadio-beira-rio-porto-alegre-brazil-43e3ef13.html
One on One,2017,Porto Alegre,2017-10-13,In Spite of All the Danger,https://www.setlist.fm/setlist/paul-mccartney/2017/estadio-beira-rio-porto-alegre-brazil-43e3ef13.html
One on One,2017,Porto Alegre,2017-10-13,You Won't See Me,https://www.setlist.fm/setlist/paul-mccartney/2017/estadio-beira-rio-porto-alegre-brazil-43e3ef13.html
One on One,2017,Porto Alegre,2017-10-13,Love Me Do,https://www.setlist.fm/setlist/paul-mccartney/2017/estadio-beira-rio-porto-alegre-brazil-43e3ef13.html
One on One,2017,Porto Alegre,2017-10-13,And I Love Her,https://www.setlist.fm/setlist/paul-mccartney/2017/estadio-beira-rio-porto-alegre-brazil-43e3ef13.html
One on One,2017,Porto Alegre,2017-10-13,Blackbird,https://www.setlist.fm/setlist/paul-mccartney/2017/estadio-beira-rio-porto-alegre-brazil-43e3ef13.html
One on One,2017,Porto Alegre,2017-10-13,Here Today,https://www.setlist.fm/setlist/paul-mccartney/2017/estadio-beira-rio-porto-alegre-brazil-43e3ef13.html
One on One,2017,Porto Alegre,2017-10-13,Queenie Eye,https://www.setlist.fm/setlist/paul-mccartney/2017/estadio-beira-rio-porto-alegre-brazil-43e3ef13.html
One on One,2017,Porto Alegre,2017-10-13,New,https://www.setlist.fm/setlist/paul-mccartney/2017/estadio-beira-rio-porto-alegre-brazil-43e3ef13.html
One on One,2017,Porto Alegre,2017-10-13,Lady Madonna,https://www.setlist.fm/setlist/paul-mccartney/2017/estadio-beira-rio-porto-alegre-brazil-43e3ef13.html
One on One,2017,Porto Alegre,2017-10-13,FourFiveSeconds,https://www.setlist.fm/setlist/paul-mccartney/2017/estadio-beira-rio-porto-alegre-brazil-43e3ef13.html
One on One,2017,Porto Alegre,2017-10-13,Eleanor Rigby,https://www.setlist.fm/setlist/paul-mccartney/2017/estadio-beira-rio-porto-alegre-brazil-43e3ef13.html
One on One,2017,Porto Alegre,2017-10-13,I Wanna Be Your Man,https://www.setlist.fm/setlist/paul-mccartney/2017/estadio-beira-rio-porto-alegre-brazil-43e3ef13.html
One on One,2017,Porto Alegre,2017-10-13,Being for the Benefit of Mr. Kite!,https://www.setlist.fm/setlist/paul-mccartney/2017/estadio-beira-rio-porto-alegre-brazil-43e3ef13.html
One on One,2017,Porto Alegre,2017-10-13,Something,https://www.setlist.fm/setlist/paul-mccartney/2017/estadio-beira-rio-porto-alegre-brazil-43e3ef13.html
One on One,2017,Porto Alegre,2017-10-13,A Day in the Life,https://www.setlist.fm/setlist/paul-mccartney/2017/estadio-beira-rio-porto-alegre-brazil-43e3ef13.html
One on One,2017,Porto Alegre,2017-10-13,"Ob-La-Di, Ob-La-Da",https://www.setlist.fm/setlist/paul-mccartney/2017/estadio-beira-rio-porto-alegre-brazil-43e3ef13.html
One on One,2017,Porto Alegre,2017-10-13,Band on the Run,https://www.setlist.fm/setlist/paul-mccartney/2017/estadio-beira-rio-porto-alegre-brazil-43e3ef13.html
One on One,2017,Porto Alegre,2017-10-13,Back in the U.S.S.R.,https://www.setlist.fm/setlist/paul-mccartney/2017/estadio-beira-rio-porto-alegre-brazil-43e3ef13.html
One on One,2017,Porto Alegre,2017-10-13,Let It Be,https://www.setlist.fm/setlist/paul-mccartney/2017/estadio-beira-rio-porto-alegre-brazil-43e3ef13.html
One on One,2017,Porto Alegre,2017-10-13,Live and Let Die,https://www.setlist.fm/setlist/paul-mccartney/2017/estadio-beira-rio-porto-alegre-brazil-43e3ef13.html
One on One,2017,Porto Alegre,2017-10-13,Hey Jude,https://www.setlist.fm/setlist/paul-mccartney/2017/estadio-beira-rio-porto-alegre-brazil-43e3ef13.html
One on One,2017,Porto Alegre,2017-10-13,Yesterday,https://www.setlist.fm/setlist/paul-mccartney/2017/estadio-beira-rio-porto-alegre-brazil-43e3ef13.html
One on One,2017,Porto Alegre,2017-10-13,Sgt. Pepper's Lonely Hearts Club Band (Reprise),https://www.setlist.fm/setlist/paul-mccartney/2017/estadio-beira-rio-porto-alegre-brazil-43e3ef13.html
One on One,2017,Porto Alegre,2017-10-13,Helter Skelter,https://www.setlist.fm/setlist/paul-mccartney/2017/estadio-beira-rio-porto-alegre-brazil-43e3ef13.html
One on One,2017,Porto Alegre,2017-10-13,Birthday,https://www.setlist.fm/setlist/paul-mccartney/2017/estadio-beira-rio-porto-alegre-brazil-43e3ef13.html
One on One,2017,Porto Alegre,2017-10-13,Golden Slumbers,https://www.setlist.fm/setlist/paul-mccartney/2017/estadio-beira-rio-porto-alegre-brazil-43e3ef13.html
One on One,2017,Porto Alegre,2017-10-13,Carry That Weight,https://www.setlist.fm/setlist/paul-mccartney/2017/estadio-beira-rio-porto-alegre-brazil-43e3ef13.html
One on One,2017,Porto Alegre,2017-10-13,The End,https://www.setlist.fm/setlist/paul-mccartney/2017/estadio-beira-rio-porto-alegre-brazil-43e3ef13.html
Freshen Up,2019,Buenos Aires,2019-03-23,A Hard Day's Night,https://www.setlist.fm/setlist/paul-mccartney/2019/campo-argentino-de-polo-buenos-aires-argentina-4b9253b6.html
Freshen Up,2019,Buenos Aires,2019-03-23,Junior's Farm,https://www.setlist.fm/setlist/paul-mccartney/2019/campo-argentino-de-polo-buenos-aires-argentina-4b9253b6.html
Freshen Up,2019,Buenos Aires,2019-03-23,All My Loving,https://www.setlist.fm/setlist/paul-mccartney/2019/campo-argentino-de-polo-buenos-aires-argentina-4b9253b6.html
Freshen Up,2019,Buenos Aires,2019-03-23,Letting Go,https://www.setlist.fm/setlist/paul-mccartney/2019/campo-argentino-de-polo-buenos-aires-argentina-4b9253b6.html
Freshen Up,2019,Buenos Aires,2019-03-23,Who Cares,https://www.setlist.fm/setlist/paul-mccartney/2019/campo-argentino-de-polo-buenos-aires-argentina-4b9253b6.html
Freshen Up,2019,Buenos Aires,2019-03-23,Got to Get You Into My Life,https://www.setlist.fm/setlist/paul-mccartney/2019/campo-argentino-de-polo-buenos-aires-argentina-4b9253b6.html
Freshen Up,2019,Buenos Aires,2019-03-23,Come On to Me,https://www.setlist.fm/setlist/paul-mccartney/2019/campo-argentino-de-polo-buenos-aires-argentina-4b9253b6.html
Freshen Up,2019,Buenos Aires,2019-03-23,Let Me Roll It,https://www.setlist.fm/setlist/paul-mccartney/2019/campo-argentino-de-polo-buenos-aires-argentina-4b9253b6.html
Freshen Up,2019,Buenos Aires,2019-03-23,I've Got a Feeling,https://www.setlist.fm/setlist/paul-mccartney/2019/campo-argentino-de-polo-buenos-aires-argentina-4b9253b6.html
Freshen Up,2019,Buenos Aires,2019-03-23,Let 'Em In,https://www.setlist.fm/setlist/paul-mccartney/2019/campo-argentino-de-polo-buenos-aires-argentina-4b9253b6.html
Freshen Up,2019,Buenos Aires,2019-03-23,My Valentine,https://www.setlist.fm/setlist/paul-mccartney/2019/campo-argentino-de-polo-buenos-aires-argentina-4b9253b6.html
Freshen Up,2019,Buenos Aires,2019-03-23,Nineteen Hundred and Eighty-Five,https://www.setlist.fm/setlist/paul-mccartney/2019/campo-argentino-de-polo-buenos-aires-argentina-4b9253b6.html
Freshen Up,2019,Buenos Aires,2019-03-23,Maybe I'm Amazed,https://www.setlist.fm/setlist/paul-mccartney/2019/campo-argentino-de-polo-buenos-aires-argentina-4b9253b6.html
Freshen Up,2019,Buenos Aires,2019-03-23,I've Just Seen a Face,https://www.setlist.fm/setlist/paul-mccartney/2019/campo-argentino-de-polo-buenos-aires-argentina-4b9253b6.html
Freshen Up,2019,Buenos Aires,2019-03-23,In Spite of All the Danger,https://www.setlist.fm/setlist/paul-mccartney/2019/campo-argentino-de-polo-buenos-aires-argentina-4b9253b6.html
Freshen Up,2019,Buenos Aires,2019-03-23,From Me to You,https://www.setlist.fm/setlist/paul-mccartney/2019/campo-argentino-de-polo-buenos-aires-argentina-4b9253b6.html
Freshen Up,2019,Buenos Aires,2019-03-23,Dance Tonight,https://www.setlist.fm/setlist/paul-mccartney/2019/campo-argentino-de-polo-buenos-aires-argentina-4b9253b6.html
Freshen Up,2019,Buenos Aires,2019-03-23,Happy Birthday to You,https://www.setlist.fm/setlist/paul-mccartney/2019/campo-argentino-de-polo-buenos-aires-argentina-4b9253b6.html
Freshen Up,2019,Buenos Aires,2019-03-23,Love Me Do,https://www.setlist.fm/setlist/paul-mccartney/2019/campo-argentino-de-polo-buenos-aires-argentina-4b9253b6.html
Freshen Up,2019,Buenos Aires,2019-03-23,Blackbird,https://www.setlist.fm/setlist/paul-mccartney/2019/campo-argentino-de-polo-buenos-aires-argentina-4b9253b6.html
Freshen Up,2019,Buenos Aires,2019-03-23,Here Today,https://www.setlist.fm/setlist/paul-mccartney/2019/campo-argentino-de-polo-buenos-aires-argentina-4b9253b6.html
Freshen Up,2019,Buenos Aires,2019-03-23,Queenie Eye,https://www.setlist.fm/setlist/paul-mccartney/2019/campo-argentino-de-polo-buenos-aires-argentina-4b9253b6.html
Freshen Up,2019,Buenos Aires,2019-03-23,Lady Madonna,https://www.setlist.fm/setlist/paul-mccartney/2019/campo-argentino-de-polo-buenos-aires-argentina-4b9253b6.html
Freshen Up,2019,Buenos Aires,2019-03-23,Eleanor Rigby,https://www.setlist.fm/setlist/paul-mccartney/2019/campo-argentino-de-polo-buenos-aires-argentina-4b9253b6.html
Freshen Up,2019,Buenos Aires,2019-03-23,Fuh You,https://www.setlist.fm/setlist/paul-mccartney/2019/campo-argentino-de-polo-buenos-aires-argentina-4b9253b6.html
Freshen Up,2019,Buenos Aires,2019-03-23,Being for the Benefit of Mr. Kite!,https://www.setlist.fm/setlist/paul-mccartney/2019/campo-argentino-de-polo-buenos-aires-argentina-4b9253b6.html
Freshen Up,2019,Buenos Aires,2019-03-23,Something,https://www.setlist.fm/setlist/paul-mccartney/2019/campo-argentino-de-polo-buenos-aires-argentina-4b9253b6.html
Freshen Up,2019,Buenos Aires,2019-03-23,"Ob-La-Di, Ob-La-Da",https://www.setlist.fm/setlist/paul-mccartney/2019/campo-argentino-de-polo-buenos-aires-argentina-4b9253b6.html
Freshen Up,2019,Buenos Aires,2019-03-23,Band on the Run,https://www.setlist.fm/setlist/paul-mccartney/2019/campo-argentino-de-polo-buenos-aires-argentina-4b9253b6.html
Freshen Up,2019,Buenos Aires,2019-03-23,Back in the U.S.S.R.,https://www.setlist.fm/setlist/paul-mccartney/2019/campo-argentino-de-polo-buenos-aires-argentina-4b9253b6.html
Freshen Up,2019,Buenos Aires,2019-03-23,Let It Be,https://www.setlist.fm/setlist/paul-mccartney/2019/campo-argentino-de-polo-buenos-aires-argentina-4b9253b6.html
Freshen Up,2019,Buenos Aires,2019-03-23,Birthday,https://www.setlist.fm/setlist/paul-mccartney/2019/campo-argentino-de-polo-buenos-aires-argentina-4b9253b6.html
Freshen Up,2019,Buenos Aires,2019-03-23,Sgt. Pepper's Lonely Hearts Club Band (Reprise),https://www.setlist.fm/setlist/paul-mccartney/2019/campo-argentino-de-polo-buenos-aires-argentina-4b9253b6.html
Freshen Up,2019,Buenos Aires,2019-03-23,Helter Skelter,https://www.setlist.fm/setlist/paul-mccartney/2019/campo-argentino-de-polo-buenos-aires-argentina-4b9253b6.html
Freshen Up,2019,Buenos Aires,2019-03-23,Golden Slumbers,https://www.setlist.fm/setlist/paul-mccartney/2019/campo-argentino-de-polo-buenos-aires-argentina-4b9253b6.html
Freshen Up,2019,Buenos Aires,2019-03-23,Carry That Weight,https://www.setlist.fm/setlist/paul-mccartney/2019/campo-argentino-de-polo-buenos-aires-argentina-4b9253b6.html
Freshen Up,2019,Buenos Aires,2019-03-23,The End,https://www.setlist.fm/setlist/paul-mccartney/2019/campo-argentino-de-polo-buenos-aires-argentina-4b9253b6.html
Freshen Up,2019,Buenos Aires,2019-03-23,Live and Let Die,https://www.setlist.fm/setlist/paul-mccartney/2019/campo-argentino-de-polo-buenos-aires-argentina-4b9253b6.html
Freshen Up,2019,Buenos Aires,2019-03-23,Hey Jude,https://www.setlist.fm/setlist/paul-mccartney/2019/campo-argentino-de-polo-buenos-aires-argentina-4b9253b6.html
Got Back,2023,Curitiba/Brasília/São Paulo/Florianópolis/Cidade do México (união de 6 shows),2023-11-14 a 2024-10-19,Can't Buy Me Love,https://www.setlist.fm/setlist/paul-mccartney/2023/estadio-couto-pereira-curitiba-brazil-13ae05a1.html | https://www.setlist.fm/setlist/paul-mccartney/2023/arena-brb-mane-garrincha-brasilia-brazil-5bae9774.html | https://www.setlist.fm/setlist/paul-mccartney/2024/allianz-parque-sao-paulo-brazil-2b57f08a.html | https://www.setlist.fm/setlist/paul-mccartney/2024/allianz-parque-sao-paulo-brazil-357650b.html | https://www.setlist.fm/setlist/paul-mccartney/2024/estadio-da-ressacada-florianopolis-brazil-43573363.html | https://www.setlist.fm/setlist/paul-mccartney/2023/foro-sol-mexico-city-mexico-4ba1cf56.html
Got Back,2023,Curitiba/Brasília/São Paulo/Florianópolis/Cidade do México (união de 6 shows),2023-11-14 a 2024-10-19,Junior's Farm,https://www.setlist.fm/setlist/paul-mccartney/2023/estadio-couto-pereira-curitiba-brazil-13ae05a1.html | https://www.setlist.fm/setlist/paul-mccartney/2023/arena-brb-mane-garrincha-brasilia-brazil-5bae9774.html | https://www.setlist.fm/setlist/paul-mccartney/2024/allianz-parque-sao-paulo-brazil-2b57f08a.html | https://www.setlist.fm/setlist/paul-mccartney/2024/allianz-parque-sao-paulo-brazil-357650b.html | https://www.setlist.fm/setlist/paul-mccartney/2024/estadio-da-ressacada-florianopolis-brazil-43573363.html | https://www.setlist.fm/setlist/paul-mccartney/2023/foro-sol-mexico-city-mexico-4ba1cf56.html
Got Back,2023,Curitiba/Brasília/São Paulo/Florianópolis/Cidade do México (união de 6 shows),2023-11-14 a 2024-10-19,Letting Go,https://www.setlist.fm/setlist/paul-mccartney/2023/estadio-couto-pereira-curitiba-brazil-13ae05a1.html | https://www.setlist.fm/setlist/paul-mccartney/2023/arena-brb-mane-garrincha-brasilia-brazil-5bae9774.html | https://www.setlist.fm/setlist/paul-mccartney/2024/allianz-parque-sao-paulo-brazil-2b57f08a.html | https://www.setlist.fm/setlist/paul-mccartney/2024/allianz-parque-sao-paulo-brazil-357650b.html | https://www.setlist.fm/setlist/paul-mccartney/2024/estadio-da-ressacada-florianopolis-brazil-43573363.html | https://www.setlist.fm/setlist/paul-mccartney/2023/foro-sol-mexico-city-mexico-4ba1cf56.html
Got Back,2023,Curitiba/Brasília/São Paulo/Florianópolis/Cidade do México (união de 6 shows),2023-11-14 a 2024-10-19,She's a Woman,https://www.setlist.fm/setlist/paul-mccartney/2023/estadio-couto-pereira-curitiba-brazil-13ae05a1.html | https://www.setlist.fm/setlist/paul-mccartney/2023/arena-brb-mane-garrincha-brasilia-brazil-5bae9774.html | https://www.setlist.fm/setlist/paul-mccartney/2024/allianz-parque-sao-paulo-brazil-2b57f08a.html | https://www.setlist.fm/setlist/paul-mccartney/2024/allianz-parque-sao-paulo-brazil-357650b.html | https://www.setlist.fm/setlist/paul-mccartney/2024/estadio-da-ressacada-florianopolis-brazil-43573363.html | https://www.setlist.fm/setlist/paul-mccartney/2023/foro-sol-mexico-city-mexico-4ba1cf56.html
Got Back,2023,Curitiba/Brasília/São Paulo/Florianópolis/Cidade do México (união de 6 shows),2023-11-14 a 2024-10-19,Got to Get You Into My Life,https://www.setlist.fm/setlist/paul-mccartney/2023/estadio-couto-pereira-curitiba-brazil-13ae05a1.html | https://www.setlist.fm/setlist/paul-mccartney/2023/arena-brb-mane-garrincha-brasilia-brazil-5bae9774.html | https://www.setlist.fm/setlist/paul-mccartney/2024/allianz-parque-sao-paulo-brazil-2b57f08a.html | https://www.setlist.fm/setlist/paul-mccartney/2024/allianz-parque-sao-paulo-brazil-357650b.html | https://www.setlist.fm/setlist/paul-mccartney/2024/estadio-da-ressacada-florianopolis-brazil-43573363.html | https://www.setlist.fm/setlist/paul-mccartney/2023/foro-sol-mexico-city-mexico-4ba1cf56.html
Got Back,2023,Curitiba/Brasília/São Paulo/Florianópolis/Cidade do México (união de 6 shows),2023-11-14 a 2024-10-19,Come On to Me,https://www.setlist.fm/setlist/paul-mccartney/2023/estadio-couto-pereira-curitiba-brazil-13ae05a1.html | https://www.setlist.fm/setlist/paul-mccartney/2023/arena-brb-mane-garrincha-brasilia-brazil-5bae9774.html | https://www.setlist.fm/setlist/paul-mccartney/2024/allianz-parque-sao-paulo-brazil-2b57f08a.html | https://www.setlist.fm/setlist/paul-mccartney/2024/allianz-parque-sao-paulo-brazil-357650b.html | https://www.setlist.fm/setlist/paul-mccartney/2024/estadio-da-ressacada-florianopolis-brazil-43573363.html | https://www.setlist.fm/setlist/paul-mccartney/2023/foro-sol-mexico-city-mexico-4ba1cf56.html
Got Back,2023,Curitiba/Brasília/São Paulo/Florianópolis/Cidade do México (união de 6 shows),2023-11-14 a 2024-10-19,Let Me Roll It,https://www.setlist.fm/setlist/paul-mccartney/2023/estadio-couto-pereira-curitiba-brazil-13ae05a1.html | https://www.setlist.fm/setlist/paul-mccartney/2023/arena-brb-mane-garrincha-brasilia-brazil-5bae9774.html | https://www.setlist.fm/setlist/paul-mccartney/2024/allianz-parque-sao-paulo-brazil-2b57f08a.html | https://www.setlist.fm/setlist/paul-mccartney/2024/allianz-parque-sao-paulo-brazil-357650b.html | https://www.setlist.fm/setlist/paul-mccartney/2024/estadio-da-ressacada-florianopolis-brazil-43573363.html | https://www.setlist.fm/setlist/paul-mccartney/2023/foro-sol-mexico-city-mexico-4ba1cf56.html
Got Back,2023,Curitiba/Brasília/São Paulo/Florianópolis/Cidade do México (união de 6 shows),2023-11-14 a 2024-10-19,Getting Better,https://www.setlist.fm/setlist/paul-mccartney/2023/estadio-couto-pereira-curitiba-brazil-13ae05a1.html | https://www.setlist.fm/setlist/paul-mccartney/2023/arena-brb-mane-garrincha-brasilia-brazil-5bae9774.html | https://www.setlist.fm/setlist/paul-mccartney/2024/allianz-parque-sao-paulo-brazil-2b57f08a.html | https://www.setlist.fm/setlist/paul-mccartney/2024/allianz-parque-sao-paulo-brazil-357650b.html | https://www.setlist.fm/setlist/paul-mccartney/2024/estadio-da-ressacada-florianopolis-brazil-43573363.html | https://www.setlist.fm/setlist/paul-mccartney/2023/foro-sol-mexico-city-mexico-4ba1cf56.html
Got Back,2023,Curitiba/Brasília/São Paulo/Florianópolis/Cidade do México (união de 6 shows),2023-11-14 a 2024-10-19,Let 'Em In,https://www.setlist.fm/setlist/paul-mccartney/2023/estadio-couto-pereira-curitiba-brazil-13ae05a1.html | https://www.setlist.fm/setlist/paul-mccartney/2023/arena-brb-mane-garrincha-brasilia-brazil-5bae9774.html | https://www.setlist.fm/setlist/paul-mccartney/2024/allianz-parque-sao-paulo-brazil-2b57f08a.html | https://www.setlist.fm/setlist/paul-mccartney/2024/allianz-parque-sao-paulo-brazil-357650b.html | https://www.setlist.fm/setlist/paul-mccartney/2024/estadio-da-ressacada-florianopolis-brazil-43573363.html | https://www.setlist.fm/setlist/paul-mccartney/2023/foro-sol-mexico-city-mexico-4ba1cf56.html
Got Back,2023,Curitiba/Brasília/São Paulo/Florianópolis/Cidade do México (união de 6 shows),2023-11-14 a 2024-10-19,My Valentine,https://www.setlist.fm/setlist/paul-mccartney/2023/estadio-couto-pereira-curitiba-brazil-13ae05a1.html | https://www.setlist.fm/setlist/paul-mccartney/2023/arena-brb-mane-garrincha-brasilia-brazil-5bae9774.html | https://www.setlist.fm/setlist/paul-mccartney/2024/allianz-parque-sao-paulo-brazil-2b57f08a.html | https://www.setlist.fm/setlist/paul-mccartney/2024/allianz-parque-sao-paulo-brazil-357650b.html | https://www.setlist.fm/setlist/paul-mccartney/2024/estadio-da-ressacada-florianopolis-brazil-43573363.html | https://www.setlist.fm/setlist/paul-mccartney/2023/foro-sol-mexico-city-mexico-4ba1cf56.html
Got Back,2023,Curitiba/Brasília/São Paulo/Florianópolis/Cidade do México (união de 6 shows),2023-11-14 a 2024-10-19,Nineteen Hundred and Eighty-Five,https://www.setlist.fm/setlist/paul-mccartney/2023/estadio-couto-pereira-curitiba-brazil-13ae05a1.html | https://www.setlist.fm/setlist/paul-mccartney/2023/arena-brb-mane-garrincha-brasilia-brazil-5bae9774.html | https://www.setlist.fm/setlist/paul-mccartney/2024/allianz-parque-sao-paulo-brazil-2b57f08a.html | https://www.setlist.fm/setlist/paul-mccartney/2024/allianz-parque-sao-paulo-brazil-357650b.html | https://www.setlist.fm/setlist/paul-mccartney/2024/estadio-da-ressacada-florianopolis-brazil-43573363.html | https://www.setlist.fm/setlist/paul-mccartney/2023/foro-sol-mexico-city-mexico-4ba1cf56.html
Got Back,2023,Curitiba/Brasília/São Paulo/Florianópolis/Cidade do México (união de 6 shows),2023-11-14 a 2024-10-19,Maybe I'm Amazed,https://www.setlist.fm/setlist/paul-mccartney/2023/estadio-couto-pereira-curitiba-brazil-13ae05a1.html | https://www.setlist.fm/setlist/paul-mccartney/2023/arena-brb-mane-garrincha-brasilia-brazil-5bae9774.html | https://www.setlist.fm/setlist/paul-mccartney/2024/allianz-parque-sao-paulo-brazil-2b57f08a.html | https://www.setlist.fm/setlist/paul-mccartney/2024/allianz-parque-sao-paulo-brazil-357650b.html | https://www.setlist.fm/setlist/paul-mccartney/2024/estadio-da-ressacada-florianopolis-brazil-43573363.html | https://www.setlist.fm/setlist/paul-mccartney/2023/foro-sol-mexico-city-mexico-4ba1cf56.html
Got Back,2023,Curitiba/Brasília/São Paulo/Florianópolis/Cidade do México (união de 6 shows),2023-11-14 a 2024-10-19,I've Just Seen a Face,https://www.setlist.fm/setlist/paul-mccartney/2023/estadio-couto-pereira-curitiba-brazil-13ae05a1.html | https://www.setlist.fm/setlist/paul-mccartney/2023/arena-brb-mane-garrincha-brasilia-brazil-5bae9774.html | https://www.setlist.fm/setlist/paul-mccartney/2024/allianz-parque-sao-paulo-brazil-2b57f08a.html | https://www.setlist.fm/setlist/paul-mccartney/2024/allianz-parque-sao-paulo-brazil-357650b.html | https://www.setlist.fm/setlist/paul-mccartney/2024/estadio-da-ressacada-florianopolis-brazil-43573363.html | https://www.setlist.fm/setlist/paul-mccartney/2023/foro-sol-mexico-city-mexico-4ba1cf56.html
Got Back,2023,Curitiba/Brasília/São Paulo/Florianópolis/Cidade do México (união de 6 shows),2023-11-14 a 2024-10-19,In Spite of All the Danger,https://www.setlist.fm/setlist/paul-mccartney/2023/estadio-couto-pereira-curitiba-brazil-13ae05a1.html | https://www.setlist.fm/setlist/paul-mccartney/2023/arena-brb-mane-garrincha-brasilia-brazil-5bae9774.html | https://www.setlist.fm/setlist/paul-mccartney/2024/allianz-parque-sao-paulo-brazil-2b57f08a.html | https://www.setlist.fm/setlist/paul-mccartney/2024/allianz-parque-sao-paulo-brazil-357650b.html | https://www.setlist.fm/setlist/paul-mccartney/2024/estadio-da-ressacada-florianopolis-brazil-43573363.html | https://www.setlist.fm/setlist/paul-mccartney/2023/foro-sol-mexico-city-mexico-4ba1cf56.html
Got Back,2023,Curitiba/Brasília/São Paulo/Florianópolis/Cidade do México (união de 6 shows),2023-11-14 a 2024-10-19,Love Me Do,https://www.setlist.fm/setlist/paul-mccartney/2023/estadio-couto-pereira-curitiba-brazil-13ae05a1.html | https://www.setlist.fm/setlist/paul-mccartney/2023/arena-brb-mane-garrincha-brasilia-brazil-5bae9774.html | https://www.setlist.fm/setlist/paul-mccartney/2024/allianz-parque-sao-paulo-brazil-2b57f08a.html | https://www.setlist.fm/setlist/paul-mccartney/2024/allianz-parque-sao-paulo-brazil-357650b.html | https://www.setlist.fm/setlist/paul-mccartney/2024/estadio-da-ressacada-florianopolis-brazil-43573363.html | https://www.setlist.fm/setlist/paul-mccartney/2023/foro-sol-mexico-city-mexico-4ba1cf56.html
Got Back,2023,Curitiba/Brasília/São Paulo/Florianópolis/Cidade do México (união de 6 shows),2023-11-14 a 2024-10-19,Dance Tonight,https://www.setlist.fm/setlist/paul-mccartney/2023/estadio-couto-pereira-curitiba-brazil-13ae05a1.html | https://www.setlist.fm/setlist/paul-mccartney/2023/arena-brb-mane-garrincha-brasilia-brazil-5bae9774.html | https://www.setlist.fm/setlist/paul-mccartney/2024/allianz-parque-sao-paulo-brazil-2b57f08a.html | https://www.setlist.fm/setlist/paul-mccartney/2024/allianz-parque-sao-paulo-brazil-357650b.html | https://www.setlist.fm/setlist/paul-mccartney/2024/estadio-da-ressacada-florianopolis-brazil-43573363.html | https://www.setlist.fm/setlist/paul-mccartney/2023/foro-sol-mexico-city-mexico-4ba1cf56.html
Got Back,2023,Curitiba/Brasília/São Paulo/Florianópolis/Cidade do México (união de 6 shows),2023-11-14 a 2024-10-19,Blackbird,https://www.setlist.fm/setlist/paul-mccartney/2023/estadio-couto-pereira-curitiba-brazil-13ae05a1.html | https://www.setlist.fm/setlist/paul-mccartney/2023/arena-brb-mane-garrincha-brasilia-brazil-5bae9774.html | https://www.setlist.fm/setlist/paul-mccartney/2024/allianz-parque-sao-paulo-brazil-2b57f08a.html | https://www.setlist.fm/setlist/paul-mccartney/2024/allianz-parque-sao-paulo-brazil-357650b.html | https://www.setlist.fm/setlist/paul-mccartney/2024/estadio-da-ressacada-florianopolis-brazil-43573363.html | https://www.setlist.fm/setlist/paul-mccartney/2023/foro-sol-mexico-city-mexico-4ba1cf56.html
Got Back,2023,Curitiba/Brasília/São Paulo/Florianópolis/Cidade do México (união de 6 shows),2023-11-14 a 2024-10-19,Here Today,https://www.setlist.fm/setlist/paul-mccartney/2023/estadio-couto-pereira-curitiba-brazil-13ae05a1.html | https://www.setlist.fm/setlist/paul-mccartney/2023/arena-brb-mane-garrincha-brasilia-brazil-5bae9774.html | https://www.setlist.fm/setlist/paul-mccartney/2024/allianz-parque-sao-paulo-brazil-2b57f08a.html | https://www.setlist.fm/setlist/paul-mccartney/2024/allianz-parque-sao-paulo-brazil-357650b.html | https://www.setlist.fm/setlist/paul-mccartney/2024/estadio-da-ressacada-florianopolis-brazil-43573363.html | https://www.setlist.fm/setlist/paul-mccartney/2023/foro-sol-mexico-city-mexico-4ba1cf56.html
Got Back,2023,Curitiba/Brasília/São Paulo/Florianópolis/Cidade do México (união de 6 shows),2023-11-14 a 2024-10-19,New,https://www.setlist.fm/setlist/paul-mccartney/2023/estadio-couto-pereira-curitiba-brazil-13ae05a1.html | https://www.setlist.fm/setlist/paul-mccartney/2023/arena-brb-mane-garrincha-brasilia-brazil-5bae9774.html | https://www.setlist.fm/setlist/paul-mccartney/2024/allianz-parque-sao-paulo-brazil-2b57f08a.html | https://www.setlist.fm/setlist/paul-mccartney/2024/allianz-parque-sao-paulo-brazil-357650b.html | https://www.setlist.fm/setlist/paul-mccartney/2024/estadio-da-ressacada-florianopolis-brazil-43573363.html | https://www.setlist.fm/setlist/paul-mccartney/2023/foro-sol-mexico-city-mexico-4ba1cf56.html
Got Back,2023,Curitiba/Brasília/São Paulo/Florianópolis/Cidade do México (união de 6 shows),2023-11-14 a 2024-10-19,Lady Madonna,https://www.setlist.fm/setlist/paul-mccartney/2023/estadio-couto-pereira-curitiba-brazil-13ae05a1.html | https://www.setlist.fm/setlist/paul-mccartney/2023/arena-brb-mane-garrincha-brasilia-brazil-5bae9774.html | https://www.setlist.fm/setlist/paul-mccartney/2024/allianz-parque-sao-paulo-brazil-2b57f08a.html | https://www.setlist.fm/setlist/paul-mccartney/2024/allianz-parque-sao-paulo-brazil-357650b.html | https://www.setlist.fm/setlist/paul-mccartney/2024/estadio-da-ressacada-florianopolis-brazil-43573363.html | https://www.setlist.fm/setlist/paul-mccartney/2023/foro-sol-mexico-city-mexico-4ba1cf56.html
Got Back,2023,Curitiba/Brasília/São Paulo/Florianópolis/Cidade do México (união de 6 shows),2023-11-14 a 2024-10-19,Jet,https://www.setlist.fm/setlist/paul-mccartney/2023/estadio-couto-pereira-curitiba-brazil-13ae05a1.html | https://www.setlist.fm/setlist/paul-mccartney/2023/arena-brb-mane-garrincha-brasilia-brazil-5bae9774.html | https://www.setlist.fm/setlist/paul-mccartney/2024/allianz-parque-sao-paulo-brazil-2b57f08a.html | https://www.setlist.fm/setlist/paul-mccartney/2024/allianz-parque-sao-paulo-brazil-357650b.html | https://www.setlist.fm/setlist/paul-mccartney/2024/estadio-da-ressacada-florianopolis-brazil-43573363.html | https://www.setlist.fm/setlist/paul-mccartney/2023/foro-sol-mexico-city-mexico-4ba1cf56.html
Got Back,2023,Curitiba/Brasília/São Paulo/Florianópolis/Cidade do México (união de 6 shows),2023-11-14 a 2024-10-19,Being for the Benefit of Mr. Kite!,https://www.setlist.fm/setlist/paul-mccartney/2023/estadio-couto-pereira-curitiba-brazil-13ae05a1.html | https://www.setlist.fm/setlist/paul-mccartney/2023/arena-brb-mane-garrincha-brasilia-brazil-5bae9774.html | https://www.setlist.fm/setlist/paul-mccartney/2024/allianz-parque-sao-paulo-brazil-2b57f08a.html | https://www.setlist.fm/setlist/paul-mccartney/2024/allianz-parque-sao-paulo-brazil-357650b.html | https://www.setlist.fm/setlist/paul-mccartney/2024/estadio-da-ressacada-florianopolis-brazil-43573363.html | https://www.setlist.fm/setlist/paul-mccartney/2023/foro-sol-mexico-city-mexico-4ba1cf56.html
Got Back,2023,Curitiba/Brasília/São Paulo/Florianópolis/Cidade do México (união de 6 shows),2023-11-14 a 2024-10-19,Something,https://www.setlist.fm/setlist/paul-mccartney/2023/estadio-couto-pereira-curitiba-brazil-13ae05a1.html | https://www.setlist.fm/setlist/paul-mccartney/2023/arena-brb-mane-garrincha-brasilia-brazil-5bae9774.html | https://www.setlist.fm/setlist/paul-mccartney/2024/allianz-parque-sao-paulo-brazil-2b57f08a.html | https://www.setlist.fm/setlist/paul-mccartney/2024/allianz-parque-sao-paulo-brazil-357650b.html | https://www.setlist.fm/setlist/paul-mccartney/2024/estadio-da-ressacada-florianopolis-brazil-43573363.html | https://www.setlist.fm/setlist/paul-mccartney/2023/foro-sol-mexico-city-mexico-4ba1cf56.html
Got Back,2023,Curitiba/Brasília/São Paulo/Florianópolis/Cidade do México (união de 6 shows),2023-11-14 a 2024-10-19,"Ob-La-Di, Ob-La-Da",https://www.setlist.fm/setlist/paul-mccartney/2023/estadio-couto-pereira-curitiba-brazil-13ae05a1.html | https://www.setlist.fm/setlist/paul-mccartney/2023/arena-brb-mane-garrincha-brasilia-brazil-5bae9774.html | https://www.setlist.fm/setlist/paul-mccartney/2024/allianz-parque-sao-paulo-brazil-2b57f08a.html | https://www.setlist.fm/setlist/paul-mccartney/2024/allianz-parque-sao-paulo-brazil-357650b.html | https://www.setlist.fm/setlist/paul-mccartney/2024/estadio-da-ressacada-florianopolis-brazil-43573363.html | https://www.setlist.fm/setlist/paul-mccartney/2023/foro-sol-mexico-city-mexico-4ba1cf56.html
Got Back,2023,Curitiba/Brasília/São Paulo/Florianópolis/Cidade do México (união de 6 shows),2023-11-14 a 2024-10-19,Band on the Run,https://www.setlist.fm/setlist/paul-mccartney/2023/estadio-couto-pereira-curitiba-brazil-13ae05a1.html | https://www.setlist.fm/setlist/paul-mccartney/2023/arena-brb-mane-garrincha-brasilia-brazil-5bae9774.html | https://www.setlist.fm/setlist/paul-mccartney/2024/allianz-parque-sao-paulo-brazil-2b57f08a.html | https://www.setlist.fm/setlist/paul-mccartney/2024/allianz-parque-sao-paulo-brazil-357650b.html | https://www.setlist.fm/setlist/paul-mccartney/2024/estadio-da-ressacada-florianopolis-brazil-43573363.html | https://www.setlist.fm/setlist/paul-mccartney/2023/foro-sol-mexico-city-mexico-4ba1cf56.html
Got Back,2023,Curitiba/Brasília/São Paulo/Florianópolis/Cidade do México (união de 6 shows),2023-11-14 a 2024-10-19,Get Back,https://www.setlist.fm/setlist/paul-mccartney/2023/estadio-couto-pereira-curitiba-brazil-13ae05a1.html | https://www.setlist.fm/setlist/paul-mccartney/2023/arena-brb-mane-garrincha-brasilia-brazil-5bae9774.html | https://www.setlist.fm/setlist/paul-mccartney/2024/allianz-parque-sao-paulo-brazil-2b57f08a.html | https://www.setlist.fm/setlist/paul-mccartney/2024/allianz-parque-sao-paulo-brazil-357650b.html | https://www.setlist.fm/setlist/paul-mccartney/2024/estadio-da-ressacada-florianopolis-brazil-43573363.html | https://www.setlist.fm/setlist/paul-mccartney/2023/foro-sol-mexico-city-mexico-4ba1cf56.html
Got Back,2023,Curitiba/Brasília/São Paulo/Florianópolis/Cidade do México (união de 6 shows),2023-11-14 a 2024-10-19,Let It Be,https://www.setlist.fm/setlist/paul-mccartney/2023/estadio-couto-pereira-curitiba-brazil-13ae05a1.html | https://www.setlist.fm/setlist/paul-mccartney/2023/arena-brb-mane-garrincha-brasilia-brazil-5bae9774.html | https://www.setlist.fm/setlist/paul-mccartney/2024/allianz-parque-sao-paulo-brazil-2b57f08a.html | https://www.setlist.fm/setlist/paul-mccartney/2024/allianz-parque-sao-paulo-brazil-357650b.html | https://www.setlist.fm/setlist/paul-mccartney/2024/estadio-da-ressacada-florianopolis-brazil-43573363.html | https://www.setlist.fm/setlist/paul-mccartney/2023/foro-sol-mexico-city-mexico-4ba1cf56.html
Got Back,2023,Curitiba/Brasília/São Paulo/Florianópolis/Cidade do México (união de 6 shows),2023-11-14 a 2024-10-19,Live and Let Die,https://www.setlist.fm/setlist/paul-mccartney/2023/estadio-couto-pereira-curitiba-brazil-13ae05a1.html | https://www.setlist.fm/setlist/paul-mccartney/2023/arena-brb-mane-garrincha-brasilia-brazil-5bae9774.html | https://www.setlist.fm/setlist/paul-mccartney/2024/allianz-parque-sao-paulo-brazil-2b57f08a.html | https://www.setlist.fm/setlist/paul-mccartney/2024/allianz-parque-sao-paulo-brazil-357650b.html | https://www.setlist.fm/setlist/paul-mccartney/2024/estadio-da-ressacada-florianopolis-brazil-43573363.html | https://www.setlist.fm/setlist/paul-mccartney/2023/foro-sol-mexico-city-mexico-4ba1cf56.html
Got Back,2023,Curitiba/Brasília/São Paulo/Florianópolis/Cidade do México (união de 6 shows),2023-11-14 a 2024-10-19,Hey Jude,https://www.setlist.fm/setlist/paul-mccartney/2023/estadio-couto-pereira-curitiba-brazil-13ae05a1.html | https://www.setlist.fm/setlist/paul-mccartney/2023/arena-brb-mane-garrincha-brasilia-brazil-5bae9774.html | https://www.setlist.fm/setlist/paul-mccartney/2024/allianz-parque-sao-paulo-brazil-2b57f08a.html | https://www.setlist.fm/setlist/paul-mccartney/2024/allianz-parque-sao-paulo-brazil-357650b.html | https://www.setlist.fm/setlist/paul-mccartney/2024/estadio-da-ressacada-florianopolis-brazil-43573363.html | https://www.setlist.fm/setlist/paul-mccartney/2023/foro-sol-mexico-city-mexico-4ba1cf56.html
Got Back,2023,Curitiba/Brasília/São Paulo/Florianópolis/Cidade do México (união de 6 shows),2023-11-14 a 2024-10-19,I've Got a Feeling,https://www.setlist.fm/setlist/paul-mccartney/2023/estadio-couto-pereira-curitiba-brazil-13ae05a1.html | https://www.setlist.fm/setlist/paul-mccartney/2023/arena-brb-mane-garrincha-brasilia-brazil-5bae9774.html | https://www.setlist.fm/setlist/paul-mccartney/2024/allianz-parque-sao-paulo-brazil-2b57f08a.html | https://www.setlist.fm/setlist/paul-mccartney/2024/allianz-parque-sao-paulo-brazil-357650b.html | https://www.setlist.fm/setlist/paul-mccartney/2024/estadio-da-ressacada-florianopolis-brazil-43573363.html | https://www.setlist.fm/setlist/paul-mccartney/2023/foro-sol-mexico-city-mexico-4ba1cf56.html
Got Back,2023,Curitiba/Brasília/São Paulo/Florianópolis/Cidade do México (união de 6 shows),2023-11-14 a 2024-10-19,I Saw Her Standing There,https://www.setlist.fm/setlist/paul-mccartney/2023/estadio-couto-pereira-curitiba-brazil-13ae05a1.html | https://www.setlist.fm/setlist/paul-mccartney/2023/arena-brb-mane-garrincha-brasilia-brazil-5bae9774.html | https://www.setlist.fm/setlist/paul-mccartney/2024/allianz-parque-sao-paulo-brazil-2b57f08a.html | https://www.setlist.fm/setlist/paul-mccartney/2024/allianz-parque-sao-paulo-brazil-357650b.html | https://www.setlist.fm/setlist/paul-mccartney/2024/estadio-da-ressacada-florianopolis-brazil-43573363.html | https://www.setlist.fm/setlist/paul-mccartney/2023/foro-sol-mexico-city-mexico-4ba1cf56.html
Got Back,2023,Curitiba/Brasília/São Paulo/Florianópolis/Cidade do México (união de 6 shows),2023-11-14 a 2024-10-19,Sgt. Pepper's Lonely Hearts Club Band (Reprise),https://www.setlist.fm/setlist/paul-mccartney/2023/estadio-couto-pereira-curitiba-brazil-13ae05a1.html | https://www.setlist.fm/setlist/paul-mccartney/2023/arena-brb-mane-garrincha-brasilia-brazil-5bae9774.html | https://www.setlist.fm/setlist/paul-mccartney/2024/allianz-parque-sao-paulo-brazil-2b57f08a.html | https://www.setlist.fm/setlist/paul-mccartney/2024/allianz-parque-sao-paulo-brazil-357650b.html | https://www.setlist.fm/setlist/paul-mccartney/2024/estadio-da-ressacada-florianopolis-brazil-43573363.html | https://www.setlist.fm/setlist/paul-mccartney/2023/foro-sol-mexico-city-mexico-4ba1cf56.html
Got Back,2023,Curitiba/Brasília/São Paulo/Florianópolis/Cidade do México (união de 6 shows),2023-11-14 a 2024-10-19,Helter Skelter,https://www.setlist.fm/setlist/paul-mccartney/2023/estadio-couto-pereira-curitiba-brazil-13ae05a1.html | https://www.setlist.fm/setlist/paul-mccartney/2023/arena-brb-mane-garrincha-brasilia-brazil-5bae9774.html | https://www.setlist.fm/setlist/paul-mccartney/2024/allianz-parque-sao-paulo-brazil-2b57f08a.html | https://www.setlist.fm/setlist/paul-mccartney/2024/allianz-parque-sao-paulo-brazil-357650b.html | https://www.setlist.fm/setlist/paul-mccartney/2024/estadio-da-ressacada-florianopolis-brazil-43573363.html | https://www.setlist.fm/setlist/paul-mccartney/2023/foro-sol-mexico-city-mexico-4ba1cf56.html
Got Back,2023,Curitiba/Brasília/São Paulo/Florianópolis/Cidade do México (união de 6 shows),2023-11-14 a 2024-10-19,Golden Slumbers,https://www.setlist.fm/setlist/paul-mccartney/2023/estadio-couto-pereira-curitiba-brazil-13ae05a1.html | https://www.setlist.fm/setlist/paul-mccartney/2023/arena-brb-mane-garrincha-brasilia-brazil-5bae9774.html | https://www.setlist.fm/setlist/paul-mccartney/2024/allianz-parque-sao-paulo-brazil-2b57f08a.html | https://www.setlist.fm/setlist/paul-mccartney/2024/allianz-parque-sao-paulo-brazil-357650b.html | https://www.setlist.fm/setlist/paul-mccartney/2024/estadio-da-ressacada-florianopolis-brazil-43573363.html | https://www.setlist.fm/setlist/paul-mccartney/2023/foro-sol-mexico-city-mexico-4ba1cf56.html
Got Back,2023,Curitiba/Brasília/São Paulo/Florianópolis/Cidade do México (união de 6 shows),2023-11-14 a 2024-10-19,Carry That Weight,https://www.setlist.fm/setlist/paul-mccartney/2023/estadio-couto-pereira-curitiba-brazil-13ae05a1.html | https://www.setlist.fm/setlist/paul-mccartney/2023/arena-brb-mane-garrincha-brasilia-brazil-5bae9774.html | https://www.setlist.fm/setlist/paul-mccartney/2024/allianz-parque-sao-paulo-brazil-2b57f08a.html | https://www.setlist.fm/setlist/paul-mccartney/2024/allianz-parque-sao-paulo-brazil-357650b.html | https://www.setlist.fm/setlist/paul-mccartney/2024/estadio-da-ressacada-florianopolis-brazil-43573363.html | https://www.setlist.fm/setlist/paul-mccartney/2023/foro-sol-mexico-city-mexico-4ba1cf56.html
Got Back,2023,Curitiba/Brasília/São Paulo/Florianópolis/Cidade do México (união de 6 shows),2023-11-14 a 2024-10-19,The End,https://www.setlist.fm/setlist/paul-mccartney/2023/estadio-couto-pereira-curitiba-brazil-13ae05a1.html | https://www.setlist.fm/setlist/paul-mccartney/2023/arena-brb-mane-garrincha-brasilia-brazil-5bae9774.html | https://www.setlist.fm/setlist/paul-mccartney/2024/allianz-parque-sao-paulo-brazil-2b57f08a.html | https://www.setlist.fm/setlist/paul-mccartney/2024/allianz-parque-sao-paulo-brazil-357650b.html | https://www.setlist.fm/setlist/paul-mccartney/2024/estadio-da-ressacada-florianopolis-brazil-43573363.html | https://www.setlist.fm/setlist/paul-mccartney/2023/foro-sol-mexico-city-mexico-4ba1cf56.html
Got Back,2023,Curitiba/Brasília/São Paulo/Florianópolis/Cidade do México (união de 6 shows),2023-11-14 a 2024-10-19,Coming Up (04 Summer Tour Remix),https://www.setlist.fm/setlist/paul-mccartney/2023/estadio-couto-pereira-curitiba-brazil-13ae05a1.html | https://www.setlist.fm/setlist/paul-mccartney/2023/arena-brb-mane-garrincha-brasilia-brazil-5bae9774.html | https://www.setlist.fm/setlist/paul-mccartney/2024/allianz-parque-sao-paulo-brazil-2b57f08a.html | https://www.setlist.fm/setlist/paul-mccartney/2024/allianz-parque-sao-paulo-brazil-357650b.html | https://www.setlist.fm/setlist/paul-mccartney/2024/estadio-da-ressacada-florianopolis-brazil-43573363.html | https://www.setlist.fm/setlist/paul-mccartney/2023/foro-sol-mexico-city-mexico-4ba1cf56.html
Got Back,2023,Curitiba/Brasília/São Paulo/Florianópolis/Cidade do México (união de 6 shows),2023-11-14 a 2024-10-19,A Day in the Life,https://www.setlist.fm/setlist/paul-mccartney/2023/estadio-couto-pereira-curitiba-brazil-13ae05a1.html | https://www.setlist.fm/setlist/paul-mccartney/2023/arena-brb-mane-garrincha-brasilia-brazil-5bae9774.html | https://www.setlist.fm/setlist/paul-mccartney/2024/allianz-parque-sao-paulo-brazil-2b57f08a.html | https://www.setlist.fm/setlist/paul-mccartney/2024/allianz-parque-sao-paulo-brazil-357650b.html | https://www.setlist.fm/setlist/paul-mccartney/2024/estadio-da-ressacada-florianopolis-brazil-43573363.html | https://www.setlist.fm/setlist/paul-mccartney/2023/foro-sol-mexico-city-mexico-4ba1cf56.html
Got Back,2023,Curitiba/Brasília/São Paulo/Florianópolis/Cidade do México (união de 6 shows),2023-11-14 a 2024-10-19,Fuh You,https://www.setlist.fm/setlist/paul-mccartney/2023/estadio-couto-pereira-curitiba-brazil-13ae05a1.html | https://www.setlist.fm/setlist/paul-mccartney/2023/arena-brb-mane-garrincha-brasilia-brazil-5bae9774.html | https://www.setlist.fm/setlist/paul-mccartney/2024/allianz-parque-sao-paulo-brazil-2b57f08a.html | https://www.setlist.fm/setlist/paul-mccartney/2024/allianz-parque-sao-paulo-brazil-357650b.html | https://www.setlist.fm/setlist/paul-mccartney/2024/estadio-da-ressacada-florianopolis-brazil-43573363.html | https://www.setlist.fm/setlist/paul-mccartney/2023/foro-sol-mexico-city-mexico-4ba1cf56.html
Got Back,2023,Curitiba/Brasília/São Paulo/Florianópolis/Cidade do México (união de 6 shows),2023-11-14 a 2024-10-19,You Never Give Me Your Money,https://www.setlist.fm/setlist/paul-mccartney/2023/estadio-couto-pereira-curitiba-brazil-13ae05a1.html | https://www.setlist.fm/setlist/paul-mccartney/2023/arena-brb-mane-garrincha-brasilia-brazil-5bae9774.html | https://www.setlist.fm/setlist/paul-mccartney/2024/allianz-parque-sao-paulo-brazil-2b57f08a.html | https://www.setlist.fm/setlist/paul-mccartney/2024/allianz-parque-sao-paulo-brazil-357650b.html | https://www.setlist.fm/setlist/paul-mccartney/2024/estadio-da-ressacada-florianopolis-brazil-43573363.html | https://www.setlist.fm/setlist/paul-mccartney/2023/foro-sol-mexico-city-mexico-4ba1cf56.html
Got Back,2023,Curitiba/Brasília/São Paulo/Florianópolis/Cidade do México (união de 6 shows),2023-11-14 a 2024-10-19,She Came in Through the Bathroom Window,https://www.setlist.fm/setlist/paul-mccartney/2023/estadio-couto-pereira-curitiba-brazil-13ae05a1.html | https://www.setlist.fm/setlist/paul-mccartney/2023/arena-brb-mane-garrincha-brasilia-brazil-5bae9774.html | https://www.setlist.fm/setlist/paul-mccartney/2024/allianz-parque-sao-paulo-brazil-2b57f08a.html | https://www.setlist.fm/setlist/paul-mccartney/2024/allianz-parque-sao-paulo-brazil-357650b.html | https://www.setlist.fm/setlist/paul-mccartney/2024/estadio-da-ressacada-florianopolis-brazil-43573363.html | https://www.setlist.fm/setlist/paul-mccartney/2023/foro-sol-mexico-city-mexico-4ba1cf56.html
Got Back,2023,Curitiba/Brasília/São Paulo/Florianópolis/Cidade do México (união de 6 shows),2023-11-14 a 2024-10-19,Birthday,https://www.setlist.fm/setlist/paul-mccartney/2023/estadio-couto-pereira-curitiba-brazil-13ae05a1.html | https://www.setlist.fm/setlist/paul-mccartney/2023/arena-brb-mane-garrincha-brasilia-brazil-5bae9774.html | https://www.setlist.fm/setlist/paul-mccartney/2024/allianz-parque-sao-paulo-brazil-2b57f08a.html | https://www.setlist.fm/setlist/paul-mccartney/2024/allianz-parque-sao-paulo-brazil-357650b.html | https://www.setlist.fm/setlist/paul-mccartney/2024/estadio-da-ressacada-florianopolis-brazil-43573363.html | https://www.setlist.fm/setlist/paul-mccartney/2023/foro-sol-mexico-city-mexico-4ba1cf56.html
Got Back,2023,Curitiba/Brasília/São Paulo/Florianópolis/Cidade do México (união de 6 shows),2023-11-14 a 2024-10-19,No More Lonely Nights,https://www.setlist.fm/setlist/paul-mccartney/2023/estadio-couto-pereira-curitiba-brazil-13ae05a1.html | https://www.setlist.fm/setlist/paul-mccartney/2023/arena-brb-mane-garrincha-brasilia-brazil-5bae9774.html | https://www.setlist.fm/setlist/paul-mccartney/2024/allianz-parque-sao-paulo-brazil-2b57f08a.html | https://www.setlist.fm/setlist/paul-mccartney/2024/allianz-parque-sao-paulo-brazil-357650b.html | https://www.setlist.fm/setlist/paul-mccartney/2024/estadio-da-ressacada-florianopolis-brazil-43573363.html | https://www.setlist.fm/setlist/paul-mccartney/2023/foro-sol-mexico-city-mexico-4ba1cf56.html
Got Back,2023,Curitiba/Brasília/São Paulo/Florianópolis/Cidade do México (união de 6 shows),2023-11-14 a 2024-10-19,My Love,https://www.setlist.fm/setlist/paul-mccartney/2023/estadio-couto-pereira-curitiba-brazil-13ae05a1.html | https://www.setlist.fm/setlist/paul-mccartney/2023/arena-brb-mane-garrincha-brasilia-brazil-5bae9774.html | https://www.setlist.fm/setlist/paul-mccartney/2024/allianz-parque-sao-paulo-brazil-2b57f08a.html | https://www.setlist.fm/setlist/paul-mccartney/2024/allianz-parque-sao-paulo-brazil-357650b.html | https://www.setlist.fm/setlist/paul-mccartney/2024/estadio-da-ressacada-florianopolis-brazil-43573363.html | https://www.setlist.fm/setlist/paul-mccartney/2023/foro-sol-mexico-city-mexico-4ba1cf56.html
Got Back,2023,Curitiba/Brasília/São Paulo/Florianópolis/Cidade do México (união de 6 shows),2023-11-14 a 2024-10-19,A Hard Day's Night,https://www.setlist.fm/setlist/paul-mccartney/2023/estadio-couto-pereira-curitiba-brazil-13ae05a1.html | https://www.setlist.fm/setlist/paul-mccartney/2023/arena-brb-mane-garrincha-brasilia-brazil-5bae9774.html | https://www.setlist.fm/setlist/paul-mccartney/2024/allianz-parque-sao-paulo-brazil-2b57f08a.html | https://www.setlist.fm/setlist/paul-mccartney/2024/allianz-parque-sao-paulo-brazil-357650b.html | https://www.setlist.fm/setlist/paul-mccartney/2024/estadio-da-ressacada-florianopolis-brazil-43573363.html | https://www.setlist.fm/setlist/paul-mccartney/2023/foro-sol-mexico-city-mexico-4ba1cf56.html
Got Back,2023,Curitiba/Brasília/São Paulo/Florianópolis/Cidade do México (união de 6 shows),2023-11-14 a 2024-10-19,Drive My Car,https://www.setlist.fm/setlist/paul-mccartney/2023/estadio-couto-pereira-curitiba-brazil-13ae05a1.html | https://www.setlist.fm/setlist/paul-mccartney/2023/arena-brb-mane-garrincha-brasilia-brazil-5bae9774.html | https://www.setlist.fm/setlist/paul-mccartney/2024/allianz-parque-sao-paulo-brazil-2b57f08a.html | https://www.setlist.fm/setlist/paul-mccartney/2024/allianz-parque-sao-paulo-brazil-357650b.html | https://www.setlist.fm/setlist/paul-mccartney/2024/estadio-da-ressacada-florianopolis-brazil-43573363.html | https://www.setlist.fm/setlist/paul-mccartney/2023/foro-sol-mexico-city-mexico-4ba1cf56.html
Got Back,2023,Curitiba/Brasília/São Paulo/Florianópolis/Cidade do México (união de 6 shows),2023-11-14 a 2024-10-19,Now and Then,https://www.setlist.fm/setlist/paul-mccartney/2023/estadio-couto-pereira-curitiba-brazil-13ae05a1.html | https://www.setlist.fm/setlist/paul-mccartney/2023/arena-brb-mane-garrincha-brasilia-brazil-5bae9774.html | https://www.setlist.fm/setlist/paul-mccartney/2024/allianz-parque-sao-paulo-brazil-2b57f08a.html | https://www.setlist.fm/setlist/paul-mccartney/2024/allianz-parque-sao-paulo-brazil-357650b.html | https://www.setlist.fm/setlist/paul-mccartney/2024/estadio-da-ressacada-florianopolis-brazil-43573363.html | https://www.setlist.fm/setlist/paul-mccartney/2023/foro-sol-mexico-city-mexico-4ba1cf56.html
Got Back,2023,Curitiba/Brasília/São Paulo/Florianópolis/Cidade do México (união de 6 shows),2023-11-14 a 2024-10-19,All My Loving,https://www.setlist.fm/setlist/paul-mccartney/2023/estadio-couto-pereira-curitiba-brazil-13ae05a1.html | https://www.setlist.fm/setlist/paul-mccartney/2023/arena-brb-mane-garrincha-brasilia-brazil-5bae9774.html | https://www.setlist.fm/setlist/paul-mccartney/2024/allianz-parque-sao-paulo-brazil-2b57f08a.html | https://www.setlist.fm/setlist/paul-mccartney/2024/allianz-parque-sao-paulo-brazil-357650b.html | https://www.setlist.fm/setlist/paul-mccartney/2024/estadio-da-ressacada-florianopolis-brazil-43573363.html | https://www.setlist.fm/setlist/paul-mccartney/2023/foro-sol-mexico-city-mexico-4ba1cf56.html
Got Back,2023,Curitiba/Brasília/São Paulo/Florianópolis/Cidade do México (união de 6 shows),2023-11-14 a 2024-10-19,Day Tripper,https://www.setlist.fm/setlist/paul-mccartney/2023/estadio-couto-pereira-curitiba-brazil-13ae05a1.html | https://www.setlist.fm/setlist/paul-mccartney/2023/arena-brb-mane-garrincha-brasilia-brazil-5bae9774.html | https://www.setlist.fm/setlist/paul-mccartney/2024/allianz-parque-sao-paulo-brazil-2b57f08a.html | https://www.setlist.fm/setlist/paul-mccartney/2024/allianz-parque-sao-paulo-brazil-357650b.html | https://www.setlist.fm/setlist/paul-mccartney/2024/estadio-da-ressacada-florianopolis-brazil-43573363.html | https://www.setlist.fm/setlist/paul-mccartney/2023/foro-sol-mexico-city-mexico-4ba1cf56.html
